use ai3;

-- Need 테이블 데이터 입력
INSERT INTO Need (NeedID, NeedKor) VALUES
(1, '행복'), (2, '우울'), (3, '스트레스'), (4, '피곤'), (5, '심심'), (6, '분노');

-- Goal 테이블 데이터 입력
INSERT INTO Goal (GoalID, GoalKor) VALUES
(1, '위로'), (2, '상쾌'), (3, '활력'), (4, '즐거움'), (5, '로맨틱'), (6, '추억'), (7, '건강'), (8, '탐닉');

-- Weather 테이블 데이터 입력
INSERT INTO Weather (WeatherID, WeatherKor) VALUES
(1, '맑음'), (2, '흐림'), (3, '바람'), (4, '비'), (5, '눈');

-- Season 테이블 데이터 입력
INSERT INTO Season (SeasonID, SeasonKor) VALUES
(1, '봄'), (2, '여름'), (3, '가을'), (4, '겨울');

-- Allergen 테이블 데이터 입력
INSERT INTO Allergen (AllergenID, AllergenKor) VALUES
(1, '알류'), (2, '우유'), (3, '밀'), (4, '메밀'), (5, '대두'), (6, '땅콩'), (7, '호두'), (8, '잣'), (9, '복숭아'), (10, '토마토'), (11, '닭고기'), (12, '돼지고기'), (13, '소고기'), (14, '고등어'), (15, '게'), (16, '새우'), (17, '오징어'), (18, '조개류'), (19, '아황산류');

-- =================================================================
-- 2. 핵심 메뉴 테이블 데이터 입력 (Main Table)
-- =================================================================

-- Menu 테이블 데이터 입력
INSERT INTO Menu (MenuID, MenuKor, Category, kcal, Price, imagePath) VALUES
(1, '전복죽', '한식', 420, 12000, 'image/MenuImage/menu_001.png'),
(2, '야채죽', '한식', 360, 8000, 'image/MenuImage/menu_002.png'),
(3, '호박죽', '한식', 330, 8000, 'image/MenuImage/menu_003.png'),
(4, '팥죽', '한식', 470, 9000, 'image/MenuImage/menu_004.png'),
(5, '쌈밥', '한식', 560, 10000, 'image/MenuImage/menu_005.png'),
(6, '비빔밥', '한식', 750, 9000, 'image/MenuImage/menu_006.png'),
(7, '돌솥비빔밥', '한식', 810, 11000, 'image/MenuImage/menu_007.png'),
(8, '육회비빔밥', '한식', 850, 13000, 'image/MenuImage/menu_008.png'),
(9, '잔치국수', '한식', 500, 7000, 'image/MenuImage/menu_009.png'),
(10, '칼국수', '한식', 610, 8000, 'image/MenuImage/menu_010.png'),
(11, '콩국수', '한식', 760, 9000, 'image/MenuImage/menu_011.png'),
(12, '물냉면', '한식', 540, 9000, 'image/MenuImage/menu_012.png'),
(13, '비빔냉면', '한식', 600, 9000, 'image/MenuImage/menu_013.png'),
(14, '함흥냉면', '한식', 610, 9000, 'image/MenuImage/menu_014.png'),
(15, '평양냉면', '한식', 500, 9000, 'image/MenuImage/menu_015.png'),
(16, '비빔국수', '한식', 600, 8500, 'image/MenuImage/menu_016.png'),
(17, '김치찌개', '한식', 360, 7000, 'image/MenuImage/menu_017.png'),
(18, '된장찌개', '한식', 300, 7000, 'image/MenuImage/menu_018.png'),
(19, '순두부찌개', '한식', 410, 8000, 'image/MenuImage/menu_019.png'),
(20, '부대찌개', '한식', 820, 12000, 'image/MenuImage/menu_020.png'),
(21, '비지찌개', '한식', 320, 8000, 'image/MenuImage/menu_021.png'),
(22, '청국장', '한식', 350, 8000, 'image/MenuImage/menu_022.png'),
(23, '육개장', '한식', 480, 9000, 'image/MenuImage/menu_023.png'),
(24, '추어탕', '한식', 500, 10000, 'image/MenuImage/menu_024.png'),
(25, '꽃게탕', '한식', 370, 50000, 'image/MenuImage/menu_025.png'),
(26, '매운탕', '한식', 390, 25000, 'image/MenuImage/menu_026.png'),
(27, '곰탕', '한식', 430, 8000, 'image/MenuImage/menu_027.png'),
(28, '설렁탕', '한식', 450, 9000, 'image/MenuImage/menu_028.png'),
(29, '갈비탕', '한식', 520, 13000, 'image/MenuImage/menu_029.png'),
(30, '삼계탕', '한식', 900, 15000, 'image/MenuImage/menu_030.png'),
(31, '감자탕', '한식', 700, 9000, 'image/MenuImage/menu_031.png'),
(32, '닭도리탕', '한식', 640, 28000, 'image/MenuImage/menu_032.png'),
(33, '떡국', '한식', 550, 8000, 'image/MenuImage/menu_033.png'),
(34, '북엇국', '한식', 350, 7000, 'image/MenuImage/menu_034.png'),
(35, '미역국', '한식', 200, 7000, 'image/MenuImage/menu_035.png'),
(36, '돼지갈비찜', '한식', 780, 18000, 'image/MenuImage/menu_036.png'),
(37, '매운갈비찜', '한식', 820, 20000, 'image/MenuImage/menu_037.png'),
(38, '소갈비찜', '한식', 840, 25000, 'image/MenuImage/menu_038.png'),
(39, '김치찜', '한식', 450, 12000, 'image/MenuImage/menu_039.png'),
(40, '찜닭', '한식', 850, 28000, 'image/MenuImage/menu_040.png'),
(41, '아구찜', '한식', 600, 35000, 'image/MenuImage/menu_041.png'),
(42, '곱창전골', '한식', 850, 28000, 'image/MenuImage/menu_042.png'),
(43, '버섯전골', '한식', 420, 18000, 'image/MenuImage/menu_043.png'),
(44, '불고기전골', '한식', 720, 20000, 'image/MenuImage/menu_044.png'),
(45, '삼겹살', '한식', 780, 15000, 'image/MenuImage/menu_045.png'),
(46, '목살', '한식', 650, 15000, 'image/MenuImage/menu_046.png'),
(47, '오리훈제', '한식', 680, 35000, 'image/MenuImage/menu_047.png'),
(48, '곱창, 대창', '한식', 900, 20000, 'image/MenuImage/menu_048.png'),
(49, '갈비(구이)', '한식', 800, 20000, 'image/MenuImage/menu_049.png'),
(50, '불고기', '한식', 570, 12000, 'image/MenuImage/menu_050.png'),
(51, '주물럭', '한식', 650, 15000, 'image/MenuImage/menu_051.png'),
(52, '오삼불고기', '한식', 630, 12000, 'image/MenuImage/menu_052.png'),
(53, '고등어구이', '한식', 380, 9000, 'image/MenuImage/menu_053.png'),
(54, '갈치구이', '한식', 330, 15000, 'image/MenuImage/menu_054.png'),
(55, '삼치구이', '한식', 340, 10000, 'image/MenuImage/menu_055.png'),
(56, '닭갈비', '한식', 750, 11000, 'image/MenuImage/menu_056.png'),
(57, '오징어볶음', '한식', 440, 9000, 'image/MenuImage/menu_057.png'),
(58, '낙지볶음', '한식', 480, 12000, 'image/MenuImage/menu_058.png'),
(59, '쭈구미볶음', '한식', 470, 12000, 'image/MenuImage/menu_059.png'),
(60, '제육볶음', '한식', 700, 9000, 'image/MenuImage/menu_060.png'),
(61, '곱창볶음', '한식', 780, 15000, 'image/MenuImage/menu_061.png'),
(62, '삼치조림', '한식', 360, 10000, 'image/MenuImage/menu_062.png'),
(63, '고등어조림', '한식', 380, 9000, 'image/MenuImage/menu_063.png'),
(64, '갈치조림', '한식', 340, 15000, 'image/MenuImage/menu_064.png'),
(65, '장조림', '한식', 400, 8000, 'image/MenuImage/menu_065.png'),
(66, '뼈다귀해장국', '한식', 550, 8000, 'image/MenuImage/menu_066.png'),
(67, '선지해장국', '한식', 480, 7000, 'image/MenuImage/menu_067.png'),
(68, '콩나물국밥', '한식', 350, 7000, 'image/MenuImage/menu_068.png'),
(69, '순대국밥', '한식', 650, 8000, 'image/MenuImage/menu_069.png'),
(70, '내장국밥', '한식', 620, 8000, 'image/MenuImage/menu_070.png'),
(71, '돼지국밥', '한식', 700, 9000, 'image/MenuImage/menu_071.png'),
(72, '수육국밥', '한식', 730, 9000, 'image/MenuImage/menu_072.png'),
(73, '육회', '한식', 400, 18000, 'image/MenuImage/menu_073.png'),
(74, '돼지불백', '한식', 680, 9000, 'image/MenuImage/menu_074.png'),
(75, '닭한마리', '한식', 850, 25000, 'image/MenuImage/menu_075.png'),
(76, '뚝배기불고기', '한식', 650, 9000, 'image/MenuImage/menu_076.png'),
(77, '보쌈', '한식', 800, 30000, 'image/MenuImage/menu_077.png'),
(78, '족발', '한식', 820, 30000, 'image/MenuImage/menu_078.png'),
(79, '닭발', '한식', 500, 15000, 'image/MenuImage/menu_079.png'),
(80, '짜장면', '중식', 750, 6000, 'image/MenuImage/menu_080.png'),
(81, '간짜장', '중식', 800, 7000, 'image/MenuImage/menu_081.png'),
(82, '삼선짜장', '중식', 850, 9000, 'image/MenuImage/menu_082.png'),
(83, '쟁반짜장', '중식', 900, 10000, 'image/MenuImage/menu_083.png'),
(84, '유니짜장', '중식', 780, 7000, 'image/MenuImage/menu_084.png'),
(85, '짬뽕', '중식', 700, 8000, 'image/MenuImage/menu_085.png'),
(86, '해물짬뽕', '중식', 750, 9000, 'image/MenuImage/menu_086.png'),
(87, '고추짬뽕', '중식', 730, 9000, 'image/MenuImage/menu_087.png'),
(88, '백짬뽕', '중식', 720, 9000, 'image/MenuImage/menu_088.png'),
(89, '차돌짬뽕', '중식', 780, 10000, 'image/MenuImage/menu_089.png'),
(90, '쟁반짬뽕', '중식', 850, 11000, 'image/MenuImage/menu_090.png'),
(91, '울면', '중식', 750, 8000, 'image/MenuImage/menu_091.png'),
(92, '기스면', '중식', 680, 8000, 'image/MenuImage/menu_092.png'),
(93, '우동(중식)', '중식', 700, 8000, 'image/MenuImage/menu_093.png'),
(94, '우육면', '중식', 820, 9000, 'image/MenuImage/menu_094.png'),
(95, '볶음밥', '중식', 750, 7000, 'image/MenuImage/menu_095.png'),
(96, '새우볶음밥', '중식', 780, 8000, 'image/MenuImage/menu_096.png'),
(97, '삼선볶음밥', '중식', 820, 9000, 'image/MenuImage/menu_097.png'),
(98, '마파두부덮밥', '중식', 780, 8000, 'image/MenuImage/menu_098.png'),
(99, '짬뽕밥', '중식', 770, 8000, 'image/MenuImage/menu_099.png'),
(100, '잡채밥', '중식', 760, 8000, 'image/MenuImage/menu_100.png'),
(101, '고추잡채밥', '중식', 820, 9000, 'image/MenuImage/menu_101.png'),
(102, '탕수육', '중식', 1000, 20000, 'image/MenuImage/menu_102.png'),
(103, '깐풍기', '중식', 900, 20000, 'image/MenuImage/menu_103.png'),
(104, '라조육', '중식', 720, 18000, 'image/MenuImage/menu_104.png'),
(105, '라조기', '중식', 680, 18000, 'image/MenuImage/menu_105.png'),
(106, '깐쇼새우', '중식', 800, 22000, 'image/MenuImage/menu_106.png'),
(107, '칠리새우', '중식', 850, 22000, 'image/MenuImage/menu_107.png'),
(108, '크림새우', '중식', 900, 22000, 'image/MenuImage/menu_108.png'),
(109, '깐풍새우', '중식', 830, 22000, 'image/MenuImage/menu_109.png'),
(110, '멘보샤', '중식', 700, 22000, 'image/MenuImage/menu_110.png'),
(111, '유린기', '중식', 850, 20000, 'image/MenuImage/menu_111.png'),
(112, '어향가지', '중식', 550, 15000, 'image/MenuImage/menu_112.png'),
(113, '꿔바로우', '중식', 950, 22000, 'image/MenuImage/menu_113.png'),
(114, '마라탕', '중식', 850, 13000, 'image/MenuImage/menu_114.png'),
(115, '훠궈', '중식', 900, 20000, 'image/MenuImage/menu_115.png'),
(116, '양꼬치', '중식', 600, 15000, 'image/MenuImage/menu_116.png'),
(117, '마라샹궈', '중식', 900, 16000, 'image/MenuImage/menu_117.png'),
(118, '마라롱샤', '중식', 780, 25000, 'image/MenuImage/menu_118.png'),
(119, '양장피', '중식', 700, 25000, 'image/MenuImage/menu_119.png'),
(120, '고추잡채', '중식', 500, 18000, 'image/MenuImage/menu_120.png'),
(121, '마파두부', '중식', 600, 8000, 'image/MenuImage/menu_121.png'),
(122, '팔보채', '중식', 780, 30000, 'image/MenuImage/menu_122.png'),
(123, '유산슬', '중식', 750, 28000, 'image/MenuImage/menu_123.png'),
(124, '동파육', '중식', 950, 28000, 'image/MenuImage/menu_124.png'),
(125, '홍소육', '중식', 900, 28000, 'image/MenuImage/menu_125.png'),
(126, '딤섬', '중식', 500, 8000, 'image/MenuImage/menu_126.png'),
(127, '토마토계란볶음', '중식', 400, 9000, 'image/MenuImage/menu_127.png'),
(128, '가츠동', '일식', 930, 9000, 'image/MenuImage/menu_128.png'),
(129, '규동', '일식', 780, 8000, 'image/MenuImage/menu_129.png'),
(130, '오야코동', '일식', 760, 8000, 'image/MenuImage/menu_130.png'),
(131, '텐동', '일식', 1000, 11000, 'image/MenuImage/menu_131.png'),
(132, '우나기동', '일식', 850, 22000, 'image/MenuImage/menu_132.png'),
(133, '카이센동', '일식', 720, 23000, 'image/MenuImage/menu_133.png'),
(134, '사케동', '일식', 650, 15000, 'image/MenuImage/menu_134.png'),
(135, '부타동', '일식', 820, 9000, 'image/MenuImage/menu_135.png'),
(136, '카레동', '일식', 800, 9000, 'image/MenuImage/menu_136.png'),
(137, '돈코츠라멘', '일식', 900, 9000, 'image/MenuImage/menu_137.png'),
(138, '미소라멘', '일식', 800, 8000, 'image/MenuImage/menu_138.png'),
(139, '쇼유라멘', '일식', 750, 8000, 'image/MenuImage/menu_139.png'),
(140, '시오라멘', '일식', 720, 8000, 'image/MenuImage/menu_140.png'),
(141, '츠케멘', '일식', 900, 9000, 'image/MenuImage/menu_141.png'),
(142, '우동(일식)', '일식', 500, 7000, 'image/MenuImage/menu_142.png'),
(143, '키츠네우동(일식)', '일식', 560, 7500, 'image/MenuImage/menu_143.png'),
(144, '타누키우동(일식)', '일식', 540, 7500, 'image/MenuImage/menu_144.png'),
(145, '소바', '일식', 420, 6000, 'image/MenuImage/menu_145.png'),
(146, '자루소바(냉모밀)', '일식', 400, 6500, 'image/MenuImage/menu_146.png'),
(147, '초밥', '일식', 600, 15000, 'image/MenuImage/menu_147.png'),
(148, '유부초밥', '일식', 480, 5000, 'image/MenuImage/menu_148.png'),
(149, '후토마키', '일식', 550, 6000, 'image/MenuImage/menu_149.png'),
(150, '사시미', '일식', 300, 25000, 'image/MenuImage/menu_150.png'),
(151, '덴푸라', '일식', 650, 15000, 'image/MenuImage/menu_151.png'),
(152, '가라아게', '일식', 600, 10000, 'image/MenuImage/menu_152.png'),
(153, '돈카츠(일식)', '일식', 850, 11000, 'image/MenuImage/menu_153.png'),
(154, '치킨카츠', '일식', 800, 10000, 'image/MenuImage/menu_154.png'),
(155, '멘치카츠', '일식', 890, 12000, 'image/MenuImage/menu_155.png'),
(156, '규카츠', '일식', 900, 17000, 'image/MenuImage/menu_156.png'),
(157, '야키니쿠', '일식', 650, 18000, 'image/MenuImage/menu_157.png'),
(158, '야키토리', '일식', 450, 8000, 'image/MenuImage/menu_158.png'),
(159, '스키야키', '일식', 780, 20000, 'image/MenuImage/menu_159.png'),
(160, '샤브샤브', '일식', 650, 20000, 'image/MenuImage/menu_160.png'),
(161, '모츠나베', '일식', 600, 18000, 'image/MenuImage/menu_161.png'),
(162, '오뎅(일본식 어묵탕)', '일식', 350, 6000, 'image/MenuImage/menu_162.png'),
(163, '카레라이스', '일식', 800, 8000, 'image/MenuImage/menu_163.png'),
(164, '오코노미야키', '일식', 700, 9000, 'image/MenuImage/menu_164.png'),
(165, '스테이크', '양식', 750, 25000, 'image/MenuImage/menu_165.png'),
(166, '연어스테이크', '양식', 600, 20000, 'image/MenuImage/menu_166.png'),
(167, '립아이', '양식', 850, 30000, 'image/MenuImage/menu_167.png'),
(168, '폭립', '양식', 900, 28000, 'image/MenuImage/menu_168.png'),
(169, '크림파스타', '양식', 900, 12000, 'image/MenuImage/menu_169.png'),
(170, '토마토파스타', '양식', 750, 11000, 'image/MenuImage/menu_170.png'),
(171, '까르보나라', '양식', 900, 12000, 'image/MenuImage/menu_171.png'),
(172, '봉골레', '양식', 650, 11000, 'image/MenuImage/menu_172.png'),
(173, '알리오올리오', '양식', 700, 10000, 'image/MenuImage/menu_173.png'),
(174, '볼로네제', '양식', 850, 12000, 'image/MenuImage/menu_174.png'),
(175, '라자냐', '양식', 950, 13000, 'image/MenuImage/menu_175.png'),
(176, '페퍼로니피자', '양식', 900, 9000, 'image/MenuImage/menu_176.png'),
(177, '콤비네이션피자', '양식', 880, 9000, 'image/MenuImage/menu_177.png'),
(178, '고르곤졸라피자', '양식', 850, 10000, 'image/MenuImage/menu_178.png'),
(179, '하와이안피자', '양식', 870, 9000, 'image/MenuImage/menu_179.png'),
(180, '시카고피자', '양식', 1000, 12000, 'image/MenuImage/menu_180.png'),
(181, '포테이토피자', '양식', 890, 9000, 'image/MenuImage/menu_181.png'),
(182, '치즈피자', '양식', 830, 8000, 'image/MenuImage/menu_182.png'),
(183, '버섯리조또', '양식', 780, 10000, 'image/MenuImage/menu_183.png'),
(184, '채소리조또', '양식', 720, 9000, 'image/MenuImage/menu_184.png'),
(185, '토마토리조또', '양식', 750, 9000, 'image/MenuImage/menu_185.png'),
(186, '치킨샐러드', '양식', 550, 9000, 'image/MenuImage/menu_186.png'),
(187, '시저샐러드', '양식', 480, 8000, 'image/MenuImage/menu_187.png'),
(188, '그릭샐러드', '양식', 430, 8000, 'image/MenuImage/menu_188.png'),
(189, '연어샐러드', '양식', 500, 10000, 'image/MenuImage/menu_189.png'),
(190, '포케', '양식', 650, 10000, 'image/MenuImage/menu_190.png'),
(191, '샌드위치', '양식', 600, 6000, 'image/MenuImage/menu_191.png'),
(192, '에그베네딕트', '양식', 700, 8000, 'image/MenuImage/menu_192.png'),
(193, '프렌치토스트', '양식', 650, 7000, 'image/MenuImage/menu_193.png'),
(194, '햄버거', '양식', 800, 6000, 'image/MenuImage/menu_194.png'),
(195, '치즈버거', '양식', 850, 7000, 'image/MenuImage/menu_195.png'),
(196, '불고기버거', '양식', 880, 7000, 'image/MenuImage/menu_196.png'),
(197, '치킨버거', '양식', 820, 7000, 'image/MenuImage/menu_197.png'),
(198, '새우버거', '양식', 780, 7000, 'image/MenuImage/menu_198.png'),
(199, '후라이드치킨', '양식', 750, 18000, 'image/MenuImage/menu_199.png'),
(200, '양념치킨', '양식', 820, 20000, 'image/MenuImage/menu_200.png'),
(201, '간장치킨', '양식', 640, 20000, 'image/MenuImage/menu_201.png'),
(202, '버팔로윙', '양식', 700, 10000, 'image/MenuImage/menu_202.png'),
(203, '치킨텐더', '양식', 750, 8000, 'image/MenuImage/menu_203.png'),
(204, '그라탕', '양식', 600, 10000, 'image/MenuImage/menu_204.png'),
(205, '오믈렛', '양식', 400, 7000, 'image/MenuImage/menu_205.png'),
(206, '부리또', '양식', 650, 8000, 'image/MenuImage/menu_206.png'),
(207, '타코', '양식', 600, 6000, 'image/MenuImage/menu_207.png'),
(208, '퀘사디아', '양식', 650, 8000, 'image/MenuImage/menu_208.png'),
(209, '케밥', '양식', 700, 9000, 'image/MenuImage/menu_209.png'),
(210, '나초', '양식', 500, 5000, 'image/MenuImage/menu_210.png'),
(211, '빠에야', '양식', 700, 23000, 'image/MenuImage/menu_211.png'),
(212, '감바스', '양식', 350, 18000, 'image/MenuImage/menu_212.png'),
(213, '일반김밥', '분식', 500, 3500, 'image/MenuImage/menu_213.png'),
(214, '참치김밥', '분식', 480, 4000, 'image/MenuImage/menu_214.png'),
(215, '치즈김밥', '분식', 520, 4500, 'image/MenuImage/menu_215.png'),
(216, '소고기김밥', '분식', 530, 5000, 'image/MenuImage/menu_216.png'),
(217, '야채김밥', '분식', 450, 3500, 'image/MenuImage/menu_217.png'),
(218, '돈까스김밥', '분식', 600, 5500, 'image/MenuImage/menu_218.png'),
(219, '새우김밥', '분식', 520, 5300, 'image/MenuImage/menu_219.png'),
(220, '일반떡볶이', '분식', 400, 4000, 'image/MenuImage/menu_220.png'),
(221, '국물떡볶이', '분식', 420, 5000, 'image/MenuImage/menu_221.png'),
(222, '로제떡볶이', '분식', 480, 6000, 'image/MenuImage/menu_222.png'),
(223, '크림떡볶이', '분식', 500, 6000, 'image/MenuImage/menu_223.png'),
(224, '치즈떡볶이', '분식', 520, 6000, 'image/MenuImage/menu_224.png'),
(225, '기본라면', '분식', 450, 4500, 'image/MenuImage/menu_225.png'),
(226, '치즈라면', '분식', 480, 5000, 'image/MenuImage/menu_226.png'),
(227, '김치라면', '분식', 460, 5000, 'image/MenuImage/menu_227.png'),
(228, '떡라면', '분식', 470, 5500, 'image/MenuImage/menu_228.png'),
(229, '기본우동(분식)', '분식', 430, 4500, 'image/MenuImage/menu_229.png'),
(230, '김치우동(분식)', '분식', 440, 4800, 'image/MenuImage/menu_230.png'),
(231, '튀김우동(분식)', '분식', 550, 5500, 'image/MenuImage/menu_231.png'),
(232, '김치볶음밥', '분식', 480, 7000, 'image/MenuImage/menu_232.png'),
(233, '참치볶음밥', '분식', 430, 7500, 'image/MenuImage/menu_233.png'),
(234, '제육볶음밥', '분식', 650, 8000, 'image/MenuImage/menu_234.png'),
(235, '제육덮밥', '분식', 700, 8500, 'image/MenuImage/menu_235.png'),
(236, '오징어덮밥', '분식', 485, 9000, 'image/MenuImage/menu_236.png'),
(237, '컵밥', '분식', 550, 5000, 'image/MenuImage/menu_237.png'),
(238, '기본돈까스', '분식', 850, 8500, 'image/MenuImage/menu_238.png'),
(239, '치즈돈까스', '분식', 900, 9000, 'image/MenuImage/menu_239.png'),
(240, '고구마치즈돈까스', '분식', 920, 9500, 'image/MenuImage/menu_240.png'),
(241, '모듬튀김', '분식', 700, 7000, 'image/MenuImage/menu_241.png'),
(242, '카레라이스', '분식', 800, 8000, 'image/MenuImage/menu_242.png'),
(243, '오므라이스', '분식', 700, 8000, 'image/MenuImage/menu_243.png'),
(244, '쌀국수', '기타', 500, 9000, 'image/MenuImage/menu_244.png'),
(245, '반미', '기타', 600, 6000, 'image/MenuImage/menu_245.png'),
(246, '분짜', '기타', 750, 10000, 'image/MenuImage/menu_246.png'),
(247, '월남쌈', '기타', 400, 12000, 'image/MenuImage/menu_247.png'),
(248, '팟타이', '기타', 700, 11000, 'image/MenuImage/menu_248.png'),
(249, '똠얌꿍', '기타', 400, 12000, 'image/MenuImage/menu_249.png'),
(250, '카오팟', '기타', 650, 9000, 'image/MenuImage/menu_250.png'),
(251, '똠얌누들', '기타', 600, 12000, 'image/MenuImage/menu_251.png'),
(252, '마살라', '기타', 550, 11000, 'image/MenuImage/menu_252.png'),
(253, '탄두리치킨', '기타', 500, 9900, 'image/MenuImage/menu_253.png'),
(254, '난', '기타', 350, 3000, 'image/MenuImage/menu_254.png'),
(255, '커리(인도식)', '기타', 800, 10000, 'image/MenuImage/menu_255.png'),
(256, '나시고렝', '기타', 700, 9000, 'image/MenuImage/menu_256.png'),
(257, '생크림케이크', '디저트', 350, 33000, 'image/MenuImage/menu_257.png'),
(258, '치즈케이크', '디저트', 400, 33000, 'image/MenuImage/menu_258.png'),
(259, '초코케이크', '디저트', 410, 33000, 'image/MenuImage/menu_259.png'),
(260, '당근케이크', '디저트', 380, 30000, 'image/MenuImage/menu_260.png'),
(261, '레드벨벳케이크', '디저트', 430, 32000, 'image/MenuImage/menu_261.png'),
(262, '티라미수', '디저트', 420, 6500, 'image/MenuImage/menu_262.png'),
(263, '브라우니', '디저트', 330, 4500, 'image/MenuImage/menu_263.png'),
(264, '레몬타르트', '디저트', 380, 6000, 'image/MenuImage/menu_264.png'),
(265, '과일타르트', '디저트', 400, 6500, 'image/MenuImage/menu_265.png'),
(266, '에그타르트', '디저트', 270, 3000, 'image/MenuImage/menu_266.png'),
(267, '애플파이', '디저트', 350, 5500, 'image/MenuImage/menu_267.png'),
(268, '펌킨파이', '디저트', 320, 5500, 'image/MenuImage/menu_268.png'),
(269, '소프트아이스크림', '디저트', 200, 3000, 'image/MenuImage/menu_269.png'),
(270, '하드아이스크림', '디저트', 250, 3500, 'image/MenuImage/menu_270.png'),
(271, '젤라또', '디저트', 220, 4000, 'image/MenuImage/menu_271.png'),
(272, '팥빙수', '디저트', 550, 8000, 'image/MenuImage/menu_272.png'),
(273, '과일빙수', '디저트', 500, 9000, 'image/MenuImage/menu_273.png'),
(274, '글레이즈드도넛', '디저트', 260, 1500, 'image/MenuImage/menu_274.png'),
(275, '크림도넛', '디저트', 350, 2000, 'image/MenuImage/menu_275.png'),
(276, '잼도넛', '디저트', 330, 2000, 'image/MenuImage/menu_276.png'),
(277, '초코칩쿠키', '디저트', 200, 2000, 'image/MenuImage/menu_277.png'),
(278, '마카다미아쿠키', '디저트', 220, 2200, 'image/MenuImage/menu_278.png'),
(279, '버터쿠키', '디저트', 160, 1800, 'image/MenuImage/menu_279.png'),
(280, '다쿠아즈', '디저트', 220, 2500, 'image/MenuImage/menu_280.png'),
(281, '카라멜푸딩', '디저트', 200, 3000, 'image/MenuImage/menu_281.png'),
(282, '초코푸딩', '디저트', 220, 3000, 'image/MenuImage/menu_282.png'),
(283, '우유푸딩', '디저트', 190, 2800, 'image/MenuImage/menu_283.png'),
(284, '파르페', '디저트', 450, 6500, 'image/MenuImage/menu_284.png'),
(285, '젤리빈', '디저트', 140, 2000, 'image/MenuImage/menu_285.png'),
(286, '마시멜로', '디저트', 90, 1500, 'image/MenuImage/menu_286.png'),
(287, '마카롱', '디저트', 110, 2500, 'image/MenuImage/menu_287.png'),
(288, '바움쿠헨', '디저트', 260, 3500, 'image/MenuImage/menu_288.png'),
(289, '슈', '디저트', 240, 2500, 'image/MenuImage/menu_289.png'),
(290, '에끌레어', '디저트', 280, 3000, 'image/MenuImage/menu_290.png'),
(291, '찐빵', '간식', 230, 2000, 'image/MenuImage/menu_291.png'),
(292, '붕어빵', '간식', 220, 1000, 'image/MenuImage/menu_292.png'),
(293, '떡꼬치', '간식', 280, 4200, 'image/MenuImage/menu_293.png'),
(294, '소떡소떡', '간식', 400, 3000, 'image/MenuImage/menu_294.png'),
(295, '호떡', '간식', 300, 1500, 'image/MenuImage/menu_295.png'),
(296, '계란빵', '간식', 250, 1500, 'image/MenuImage/menu_296.png'),
(297, '핫도그', '간식', 450, 4500, 'image/MenuImage/menu_297.png'),
(298, '호두과자', '간식', 350, 5000, 'image/MenuImage/menu_298.png'),
(299, '뻥튀기', '간식', 120, 2000, 'image/MenuImage/menu_299.png'),
(300, '달고나', '간식', 50, 1000, 'image/MenuImage/menu_300.png'),
(301, '토스트', '간식', 480, 4000, 'image/MenuImage/menu_301.png');

-- =================================================================
-- 3. 연결 테이블 데이터 입력 (Junction Tables)
-- =================================================================

-- =================================================================
-- MenuAllergen 테이블 데이터 입력
-- =================================================================
INSERT INTO MenuAllergen (MenuID, AllergenID) VALUES
(1, 2), (1, 3), (1, 5), (1, 8), (1, 13), (1, 18), (2, 5), (5, 5), (6, 1), (6, 5),
(6, 13), (7, 1), (7, 5), (7, 13), (8, 1), (8, 5), (8, 13), (9, 1), (9, 3), (9, 5),
(9, 13), (10, 3), (10, 5), (11, 3), (11, 5), (12, 1), (12, 3), (12, 4), (12, 5),
(12, 13), (13, 1), (13, 3), (13, 4), (13, 5), (14, 5), (15, 1), (15, 3), (15, 4),
(15, 5), (15, 13), (16, 1), (16, 3), (16, 5), (17, 5), (17, 12), (18, 5), (19, 1),
(19, 5), (19, 12), (19, 18), (20, 1), (20, 2), (20, 3), (20, 5), (20, 12), (21, 5),
(21, 12), (22, 5), (22, 12), (23, 5), (23, 14), (24, 5), (25, 5), (25, 15), (26, 5),
(27, 5), (27, 13), (28, 5), (28, 13), (29, 5), (29, 13), (30, 5), (30, 11), (31, 5),
(31, 12), (32, 5), (32, 11), (33, 1), (33, 5), (33, 13), (34, 1), (34, 5), (35, 5),
(35, 13), (36, 5), (36, 12), (37, 5), (37, 12), (38, 5), (38, 13), (39, 5), (39, 12),
(40, 5), (40, 11), (41, 5), (42, 5), (42, 13), (43, 5), (44, 5), (44, 13), (45, 5),
(45, 12), (46, 5), (46, 12), (47, 5), (48, 5), (48, 13), (49, 5), (49, 13), (50, 5),
(50, 13), (51, 5), (51, 13), (52, 5), (52, 12), (52, 17), (53, 5), (53, 14), (54, 5),
(55, 5), (56, 5), (56, 11), (57, 5), (57, 17), (58, 5), (59, 5), (60, 5), (60, 12),
(61, 5), (61, 13), (62, 5), (63, 5), (63, 14), (64, 5), (65, 5), (65, 13), (66, 5),
(66, 12), (67, 5), (67, 13), (68, 5), (69, 5), (69, 12), (70, 5), (70, 12), (71, 5),
(71, 12), (72, 5), (72, 12), (73, 5), (73, 13), (74, 5), (74, 12), (75, 5), (75, 11),
(76, 5), (76, 13), (77, 5), (77, 12), (78, 5), (78, 12), (79, 5), (79, 11), (80, 3),
(80, 5), (80, 12), (81, 3), (81, 5), (81, 12), (82, 3), (82, 5), (82, 12), (82, 16),
(82, 17), (82, 18), (83, 3), (83, 5), (83, 12), (83, 17), (84, 3), (84, 5), (84, 12),
(85, 3), (85, 5), (85, 12), (85, 16), (85, 17), (85, 18), (86, 3), (86, 5), (86, 12),
(86, 15), (86, 16), (86, 17), (86, 18), (87, 3), (87, 5), (87, 12), (87, 16), (87, 17),
(87, 18), (88, 3), (88, 5), (88, 12), (88, 16), (88, 17), (88, 18), (89, 3), (89, 5),
(89, 13), (89, 18), (90, 3), (90, 5), (90, 12), (90, 16), (90, 17), (90, 18), (91, 1),
(91, 3), (91, 5), (91, 12), (91, 16), (91, 17), (91, 18), (92, 1), (92, 3), (92, 5),
(92, 11), (93, 3), (93, 5), (93, 12), (94, 3), (94, 5), (94, 13), (95, 1), (95, 5),
(95, 12), (96, 1), (96, 5), (96, 16), (97, 1), (97, 5), (97, 12), (97, 16), (97, 17),
(97, 18), (98, 3), (98, 5), (98, 12), (99, 5), (99, 12), (99, 16), (99, 17), (99, 18),
(100, 5), (100, 12), (101, 5), (101, 12), (102, 1), (102, 3), (102, 5), (102, 10),
(102, 12), (103, 1), (103, 3), (103, 5), (103, 11), (104, 5), (104, 12), (105, 5),
(105, 11), (106, 1), (106, 3), (106, 5), (106, 10), (106, 16), (107, 1), (107, 3),
(107, 5), (107, 10), (107, 16), (108, 1), (108, 2), (108, 3), (108, 5), (108, 16),
(109, 1), (109, 3), (109, 5), (109, 16), (110, 1), (110, 3), (110, 5), (110, 16),
(111, 1), (111, 3), (111, 5), (111, 11), (112, 5), (113, 3), (113, 5), (113, 10),
(113, 12), (114, 3), (114, 5), (115, 3), (115, 5), (116, 5), (117, 3), (117, 5),
(118, 3), (118, 5), (118, 16), (119, 1), (119, 5), (119, 12), (119, 16), (119, 17),
(120, 3), (120, 5), (120, 12), (121, 5), (121, 12), (122, 3), (122, 5), (122, 12),
(122, 16), (122, 17), (122, 18), (123, 1), (123, 5), (123, 12), (123, 16), (123, 17),
(123, 18), (124, 3), (124, 5), (124, 12), (125, 3), (125, 5), (125, 12), (126, 1),
(126, 3), (126, 5), (126, 12), (126, 16), (127, 1), (127, 5), (127, 10), (128, 1),
(128, 3), (128, 5), (128, 12), (129, 3), (129, 5), (129, 13), (130, 1), (130, 3),
(130, 5), (130, 11), (131, 1), (131, 3), (131, 5), (131, 16), (132, 3), (132, 5),
(133, 3), (133, 5), (133, 16), (133, 17), (133, 18), (134, 3), (134, 5), (135, 3),
(135, 5), (135, 12), (136, 3), (136, 5), (136, 10), (137, 3), (137, 5), (137, 12),
(138, 3), (138, 5), (138, 12), (139, 3), (139, 5), (139, 12), (140, 3), (140, 11),
(141, 3), (141, 5), (141, 12), (142, 3), (142, 5), (143, 3), (143, 5), (144, 3),
(144, 5), (145, 3), (145, 4), (145, 5), (146, 3), (146, 4), (146, 5), (147, 3),
(147, 5), (148, 3), (148, 5), (149, 1), (149, 3), (149, 5), (150, 3), (150, 5),
(151, 1), (151, 3), (151, 5), (151, 16), (152, 1), (152, 3), (152, 5), (152, 11),
(153, 1), (153, 3), (153, 5), (153, 12), (154, 1), (154, 3), (154, 5), (154, 11),
(155, 1), (155, 3), (155, 5), (155, 12), (155, 13), (156, 1), (156, 3), (156, 5),
(156, 13), (157, 3), (157, 5), (157, 13), (158, 3), (158, 5), (158, 11), (159, 1),
(159, 3), (159, 5), (159, 13), (160, 3), (160, 5), (160, 13), (161, 3), (161, 5),
(161, 13), (162, 1), (162, 3), (162, 5), (163, 3), (163, 5), (163, 10), (164, 1),
(164, 3), (164, 5), (164, 12), (165, 3), (165, 5), (165, 13), (166, 3), (166, 5),
(167, 3), (167, 5), (167, 13), (168, 3), (168, 5), (168, 10), (168, 12), (168, 13),
(168, 18), (168, 19), (169, 2), (169, 3), (169, 5), (170, 2), (170, 3), (170, 5),
(170, 10), (171, 1), (171, 2), (171, 3), (171, 5), (171, 12), (172, 3), (172, 5),
(172, 18), (173, 3), (173, 5), (174, 2), (174, 3), (174, 5), (174, 10), (174, 13),
(175, 1), (175, 2), (175, 3), (175, 5), (175, 10), (175, 13), (176, 2), (176, 3),
(176, 5), (176, 10), (176, 12), (176, 13), (177, 1), (177, 2), (177, 3), (177, 5),
(177, 10), (177, 12), (177, 13), (177, 18), (178, 2), (178, 3), (178, 5), (179, 1),
(179, 2), (179, 3), (179, 5), (179, 10), (179, 12), (180, 1), (180, 2), (180, 3),
(180, 5), (180, 10), (180, 12), (180, 13), (181, 1), (181, 2), (181, 3), (181, 5),
(181, 10), (181, 12), (182, 2), (182, 3), (182, 5), (182, 10), (183, 2), (183, 5),
(184, 2), (184, 5), (185, 2), (185, 10), (186, 1), (186, 5), (186, 10), (186, 11),
(187, 1), (187, 2), (187, 3), (188, 2), (188, 10), (189, 10), (190, 3), (190, 5),
(191, 1), (191, 2), (191, 3), (191, 5), (191, 10), (191, 12), (192, 1), (192, 2),
(192, 3), (192, 12), (193, 1), (193, 2), (193, 3), (194, 1), (194, 2), (194, 3),
(194, 5), (194, 10), (194, 13), (195, 1), (195, 2), (195, 3), (195, 5), (195, 10),
(195, 13), (196, 1), (196, 2), (196, 3), (196, 5), (196, 10), (196, 13), (197, 1),
(197, 2), (197, 3), (197, 5), (197, 10), (197, 11), (198, 1), (198, 2), (198, 3),
(198, 5), (198, 10), (198, 16), (199, 1), (199, 3), (199, 5), (199, 11), (200, 1),
(200, 3), (200, 5), (200, 10), (200, 11), (201, 1), (201, 3), (201, 5), (201, 11),
(202, 2), (202, 3), (202, 5), (202, 11), (203, 1), (203, 2), (203, 3), (203, 5),
(203, 11), (204, 2), (204, 3), (204, 5), (205, 1), (205, 2), (206, 2), (206, 3),
(206, 5), (206, 10), (206, 13), (207, 2), (207, 3), (207, 5), (207, 10), (207, 13),
(208, 2), (208, 3), (208, 5), (208, 10), (209, 2), (209, 3), (209, 10), (209, 13),
(210, 2), (210, 10), (210, 13), (211, 10), (211, 16), (211, 17), (211, 18), (212, 16),
(213, 1), (213, 3), (213, 5), (213, 12), (214, 1), (214, 3), (214, 5), (215, 1),
(215, 2), (215, 3), (215, 5), (215, 12), (216, 1), (216, 3), (216, 5), (216, 13),
(217, 3), (217, 5), (218, 1), (218, 3), (218, 5), (218, 12), (219, 1), (219, 3),
(219, 5), (219, 16), (220, 3), (220, 5), (221, 3), (221, 5), (222, 2), (222, 3),
(222, 5), (222, 10), (223, 2), (223, 3), (223, 5), (224, 2), (224, 3), (224, 5),
(225, 3), (225, 5), (226, 2), (226, 3), (226, 5), (227, 3), (227, 5), (228, 3),
(228, 5), (229, 3), (229, 5), (230, 3), (230, 5), (231, 1), (231, 3), (231, 5),
(231, 16), (232, 1), (232, 5), (233, 1), (233, 5), (234, 1), (234, 5), (234, 12),
(235, 1), (235, 5), (235, 12), (236, 5), (236, 17), (237, 1), (237, 5), (237, 12),
(238, 1), (238, 3), (238, 5), (238, 12), (239, 1), (239, 2), (239, 3), (239, 5),
(239, 12), (240, 1), (240, 2), (240, 3), (240, 5), (240, 12), (241, 1), (241, 3),
(241, 5), (241, 16), (241, 17), (242, 3), (242, 5), (242, 10), (243, 1), (243, 5),
(243, 10), (244, 13), (245, 1), (245, 3), (245, 5), (245, 12), (246, 12), (247, 6),
(247, 16), (248, 1), (248, 6), (248, 16), (249, 10), (249, 16), (250, 1), (251, 1),
(251, 3), (251, 10), (251, 16), (252, 2), (252, 10), (252, 11), (253, 2), (253, 11),
(254, 2), (254, 3), (255, 2), (255, 10), (255, 11), (256, 1), (256, 3), (256, 5),
(256, 10), (256, 16), (257, 1), (257, 2), (257, 3), (258, 1), (258, 2), (258, 3),
(259, 1), (259, 2), (259, 3), (259, 5), (260, 1), (260, 2), (260, 3), (260, 7),
(261, 1), (261, 2), (261, 3), (261, 5), (262, 1), (262, 2), (262, 3), (263, 1),
(263, 2), (263, 3), (263, 5), (264, 1), (264, 2), (264, 3), (265, 1), (265, 2),
(265, 3), (266, 1), (266, 2), (266, 3), (267, 1), (267, 2), (267, 3), (268, 1),
(268, 2), (268, 3), (269, 2), (270, 2), (271, 2), (272, 2), (273, 2), (274, 1),
(274, 2), (274, 3), (274, 5), (275, 1), (275, 2), (275, 3), (275, 5), (276, 1),
(276, 2), (276, 3), (276, 5), (277, 1), (277, 2), (277, 3), (277, 5), (278, 1),
(278, 2), (278, 3), (278, 5), (279, 1), (279, 2), (279, 3), (280, 1), (280, 2),
(281, 1), (281, 2), (282, 1), (282, 2), (282, 5), (283, 2), (284, 2), (287, 1),
(287, 2), (287, 5), (288, 1), (288, 2), (288, 3), (288, 5), (289, 1), (289, 2),
(289, 3), (290, 1), (290, 2), (290, 3), (290, 5), (291, 3), (292, 1), (292, 3),
(293, 3), (293, 5), (294, 3), (294, 5), (294, 12), (295, 3), (295, 6), (296, 1),
(296, 2), (296, 3), (297, 1), (297, 2), (297, 3), (297, 5), (297, 12), (298, 1),
(298, 2), (298, 3), (298, 7), (301, 1), (301, 2), (301, 3), (301, 5);

-- =================================================================
-- MenuNeed 테이블 데이터 입력
-- =================================================================
INSERT INTO MenuNeed (MenuID, NeedID) VALUES
(1, 2), (1, 4), (2, 2), (2, 4), (3, 2), (3, 4), (4, 2), (5, 1), (5, 3), (6, 1),
(6, 3), (6, 5), (7, 1), (7, 3), (7, 5), (8, 1), (8, 3), (9, 2), (9, 4), (10, 2),
(10, 4), (11, 2), (11, 4), (12, 1), (12, 3), (13, 1), (13, 3), (13, 5), (14, 1), (14, 3),
(14, 5), (15, 2), (15, 4), (16, 1), (16, 3), (16, 5), (17, 3), (18, 2), (18, 4), (19, 3),
(20, 3), (20, 5), (21, 2), (21, 4), (22, 2), (22, 4), (23, 3), (23, 4), (24, 4), (25, 1),
(25, 3), (26, 3), (27, 2), (27, 4), (28, 2), (28, 4), (29, 2), (29, 4), (30, 1), (30, 4),
(31, 3), (31, 5), (32, 3), (32, 5), (33, 1), (33, 2), (33, 4), (34, 2), (34, 4), (35, 2),
(35, 4), (36, 1), (37, 1), (37, 3), (38, 1), (39, 3), (40, 1), (41, 3), (42, 3), (43, 2),
(43, 4), (44, 1), (45, 1), (45, 3), (45, 5), (46, 1), (46, 3), (47, 1), (48, 1), (48, 3),
(48, 5), (49, 1), (50, 1), (51, 1), (51, 3), (51, 5), (52, 1), (52, 3), (52, 5), (53, 2),
(53, 4), (54, 2), (54, 4), (55, 2), (55, 4), (56, 1), (56, 3), (56, 5), (57, 3), (58, 3),
(59, 3), (60, 1), (60, 3), (60, 5), (61, 1), (61, 3), (61, 5), (62, 2), (62, 4), (63, 2),
(63, 4), (64, 2), (64, 4), (65, 3), (66, 3), (66, 5), (67, 3), (67, 5), (68, 2), (68, 4),
(69, 2), (69, 4), (70, 2), (70, 4), (71, 2), (71, 4), (72, 2), (72, 4), (73, 1), (74, 1),
(74, 3), (74, 5), (75, 1), (75, 4), (76, 1), (77, 1), (78, 1), (79, 1), (79, 3), (79, 5),
(80, 1), (80, 5), (81, 1), (81, 5), (82, 1), (82, 5), (83, 1), (83, 5), (84, 1), (84, 5),
(85, 1), (85, 3), (85, 5), (86, 1), (86, 3), (86, 5), (87, 1), (87, 3), (87, 5), (88, 1),
(88, 3), (89, 1), (89, 3), (90, 1), (90, 3), (90, 5), (91, 2), (91, 4), (92, 2), (92, 4),
(93, 2), (93, 4), (94, 1), (94, 4), (95, 1), (95, 5), (96, 1), (96, 5), (97, 1), (97, 5),
(98, 1), (98, 3), (99, 1), (99, 3), (99, 5), (100, 1), (100, 5), (101, 1), (101, 3), (101, 5),
(102, 1), (102, 3), (102, 5), (103, 1), (103, 3), (103, 5), (104, 1), (104, 3), (104, 5), (105, 1),
(105, 3), (105, 5), (106, 1), (106, 3), (106, 5), (107, 1), (107, 3), (107, 5), (108, 1), (108, 5),
(109, 1), (109, 3), (109, 5), (110, 1), (110, 5), (111, 1), (111, 3), (111, 5), (112, 2), (112, 4),
(113, 1), (113, 3), (113, 5), (114, 1), (114, 3), (114, 5), (115, 1), (115, 3), (115, 5), (116, 1),
(116, 5), (117, 1), (117, 3), (117, 5), (118, 1), (118, 3), (118, 5), (119, 1), (119, 5), (120, 1),
(120, 3), (120, 5), (121, 1), (121, 3), (121, 5), (122, 1), (122, 5), (123, 1), (123, 5), (124, 1),
(124, 5), (125, 1), (125, 5), (126, 1), (126, 5), (127, 1), (127, 2), (127, 4), (128, 1), (128, 5),
(129, 1), (129, 5), (130, 1), (130, 5), (131, 1), (131, 5), (132, 1), (132, 5), (133, 1), (133, 5),
(134, 1), (134, 5), (135, 1), (135, 5), (136, 1), (136, 3), (136, 5), (137, 1), (137, 3), (137, 5),
(138, 1), (138, 3), (138, 5), (139, 1), (139, 3), (139, 5), (140, 1), (140, 3), (140, 5), (141, 1),
(141, 3), (141, 5), (142, 2), (142, 4), (143, 2), (143, 4), (144, 2), (144, 4), (145, 2), (145, 4),
(146, 2), (146, 4), (147, 1), (147, 5), (148, 1), (148, 5), (149, 1), (149, 5), (150, 1), (150, 5),
(151, 1), (151, 3), (151, 5), (152, 1), (152, 3), (152, 5), (153, 1), (153, 3), (153, 5), (154, 1),
(154, 3), (154, 5), (155, 1), (155, 3), (155, 5), (156, 1), (156, 3), (156, 5), (157, 1), (157, 5),
(158, 1), (158, 5), (159, 1), (159, 2), (159, 4), (160, 1), (160, 2), (160, 4), (161, 1), (161, 2),
(161, 4), (162, 2), (162, 4), (163, 1), (163, 3), (163, 5), (164, 1), (164, 3), (164, 5), (165, 1),
(165, 5), (166, 1), (166, 5), (167, 1), (167, 5), (168, 1), (168, 3), (168, 5), (169, 1), (169, 3),
(169, 5), (170, 1), (170, 3), (170, 5), (171, 1), (171, 3), (171, 5), (172, 1), (172, 5), (173, 1),
(173, 5), (174, 1), (174, 3), (174, 5), (175, 1), (175, 3), (175, 5), (176, 1), (176, 3), (176, 5),
(177, 1), (177, 3), (177, 5), (178, 1), (178, 3), (178, 5), (179, 1), (179, 3), (179, 5), (180, 1),
(180, 3), (180, 5), (181, 1), (181, 3), (181, 5), (182, 1), (182, 3), (182, 5), (183, 1), (183, 3),
(183, 5), (184, 1), (184, 3), (184, 5), (185, 1), (185, 3), (185, 5), (186, 1), (186, 5), (187, 1),
(187, 2), (187, 4), (188, 1), (188, 2), (188, 4), (189, 1), (189, 2), (189, 4), (190, 1), (190, 2),
(190, 4), (191, 1), (191, 5), (192, 1), (192, 5), (193, 1), (193, 5), (194, 1), (194, 3), (194, 5),
(195, 1), (195, 3), (195, 5), (196, 1), (196, 3), (196, 5), (197, 1), (197, 3), (197, 5), (198, 1),
(198, 3), (198, 5), (199, 1), (199, 3), (199, 5), (200, 1), (200, 3), (200, 5), (201, 1), (201, 3),
(201, 5), (202, 1), (202, 3), (202, 5), (203, 1), (203, 3), (203, 5), (204, 1), (204, 3), (204, 5),
(205, 1), (205, 2), (205, 4), (206, 1), (206, 5), (207, 1), (207, 3), (207, 5), (208, 1), (208, 3),
(208, 5), (209, 1), (209, 3), (209, 5), (210, 1), (210, 3), (210, 5), (211, 1), (211, 5), (212, 1),
(212, 5), (213, 1), (213, 5), (214, 1), (214, 5), (215, 1), (215, 5), (216, 1), (216, 5), (217, 1),
(217, 5), (218, 1), (218, 3), (218, 5), (219, 1), (219, 5), (220, 1), (220, 3), (220, 5), (221, 1),
(221, 3), (221, 5), (222, 1), (222, 3), (222, 5), (223, 1), (223, 3), (223, 5), (224, 1), (224, 3),
(224, 5), (225, 1), (225, 3), (225, 5), (226, 1), (226, 3), (226, 5), (227, 1), (227, 3), (227, 5),
(228, 1), (228, 3), (228, 5), (229, 2), (229, 4), (230, 1), (230, 3), (230, 5), (231, 1), (231, 3),
(231, 5), (232, 1), (232, 3), (232, 5), (233, 1), (233, 3), (233, 5), (234, 1), (234, 3), (234, 5),
(235, 1), (235, 3), (235, 5), (236, 1), (236, 3), (236, 5), (237, 1), (237, 5), (238, 1), (238, 3),
(238, 5), (239, 1), (239, 3), (239, 5), (240, 1), (240, 3), (240, 5), (241, 1), (241, 3), (241, 5),
(242, 1), (242, 3), (242, 5), (243, 1), (243, 5), (244, 2), (244, 4), (245, 1), (245, 5), (246, 1),
(246, 5), (247, 1), (247, 2), (247, 4), (248, 1), (248, 3), (248, 5), (249, 1), (249, 3), (249, 5),
(250, 1), (250, 3), (250, 5), (251, 1), (251, 3), (251, 5), (252, 1), (252, 3), (252, 5), (253, 1),
(253, 3), (253, 5), (254, 1), (254, 2), (254, 4), (255, 1), (255, 3), (255, 5), (256, 1), (256, 3),
(256, 5), (257, 1), (257, 5), (258, 1), (258, 5), (259, 1), (259, 5), (260, 1), (260, 5), (261, 1),
(261, 5), (262, 1), (262, 5), (263, 1), (263, 3), (263, 5), (264, 1), (264, 5), (265, 1), (265, 2),
(265, 4), (266, 1), (266, 5), (267, 1), (267, 5), (268, 1), (268, 5), (269, 1), (269, 5), (270, 1),
(270, 5), (271, 1), (271, 5), (272, 1), (272, 5), (273, 1), (273, 5), (274, 1), (274, 5), (275, 1),
(275, 5), (276, 1), (276, 5), (277, 1), (277, 5), (278, 1), (278, 5), (279, 1), (279, 5), (280, 1),
(280, 5), (281, 1), (281, 5), (282, 1), (282, 5), (283, 1), (283, 5), (284, 1), (284, 5), (285, 1),
(285, 5), (286, 1), (286, 5), (287, 1), (287, 5), (288, 1), (288, 5), (289, 1), (289, 5), (290, 1),
(290, 5), (291, 1), (291, 5), (292, 1), (292, 5), (293, 1), (293, 3), (293, 5), (294, 1), (294, 3),
(294, 5), (295, 1), (295, 5), (296, 1), (296, 5), (297, 1), (297, 3), (297, 5), (298, 1), (298, 5),
(299, 1), (299, 5), (300, 1), (300, 5), (301, 1), (301, 5);

-- =================================================================
-- MenuGoal 테이블 데이터 입력
-- =================================================================
INSERT INTO MenuGoal (MenuID, GoalID) VALUES
(1, 1), (1, 7), (2, 1), (2, 7), (3, 1), (3, 7), (4, 1), (4, 6), (5, 6), (5, 7),
(6, 6), (6, 7), (7, 6), (7, 8), (8, 3), (8, 8), (9, 1), (9, 6), (10, 1), (10, 6),
(11, 2), (11, 7), (12, 2), (13, 2), (13, 3), (14, 2), (14, 3), (15, 2), (16, 2),
(16, 3), (17, 3), (17, 6), (18, 1), (18, 6), (18, 7), (19, 1), (19, 3), (19, 6),
(20, 3), (20, 8), (21, 1), (21, 6), (21, 7), (22, 1), (22, 6), (22, 7), (23, 3),
(23, 6), (24, 3), (24, 6), (24, 7), (25, 3), (25, 6), (26, 3), (27, 1), (27, 6),
(28, 1), (28, 6), (29, 1), (29, 6), (30, 1), (30, 6), (30, 7), (31, 1), (31, 3),
(31, 8), (32, 1), (32, 3), (33, 1), (33, 6), (34, 1), (34, 6), (35, 1), (35, 6),
(36, 6), (36, 8), (37, 3), (37, 8), (38, 6), (38, 8), (39, 3), (39, 6), (40, 6),
(40, 8), (41, 3), (42, 3), (42, 8), (43, 1), (43, 6), (43, 7), (44, 1), (44, 6),
(44, 8), (45, 6), (45, 8), (46, 6), (46, 8), (47, 8), (48, 3), (48, 8), (49, 6),
(49, 8), (50, 6), (50, 8), (51, 6), (51, 8), (52, 3), (52, 8), (53, 6), (54, 6),
(55, 6), (56, 3), (56, 8), (57, 3), (58, 3), (59, 3), (60, 3), (60, 8), (61, 3),
(61, 8), (62, 3), (62, 6), (63, 3), (63, 6), (64, 3), (64, 6), (65, 1), (65, 6),
(66, 1), (66, 3), (66, 8), (67, 1), (67, 3), (68, 1), (68, 6), (68, 7), (69, 1),
(69, 6), (70, 1), (70, 6), (71, 1), (71, 6), (72, 1), (72, 6), (73, 3), (73, 8),
(74, 3), (74, 8), (75, 1), (75, 6), (75, 7), (76, 1), (76, 6), (76, 8), (77, 6),
(77, 8), (78, 6), (78, 8), (79, 3), (79, 8), (80, 6), (81, 6), (82, 6), (83, 6),
(84, 6), (85, 3), (86, 3), (87, 3), (88, 1), (89, 3), (90, 3), (91, 1), (91, 6),
(92, 1), (92, 6), (93, 1), (93, 6), (94, 1), (94, 3), (95, 6), (96, 6), (97, 6),
(98, 3), (99, 3), (100, 6), (101, 3), (102, 4), (102, 8), (103, 3), (103, 8), (104, 3),
(104, 8), (105, 3), (105, 8), (106, 4), (106, 8), (107, 4), (107, 8), (108, 4), (108, 8),
(109, 3), (109, 8), (110, 4), (110, 8), (111, 3), (111, 8), (112, 3), (113, 4), (113, 8),
(114, 3), (114, 8), (115, 3), (115, 8), (116, 3), (116, 8), (117, 3), (117, 8), (118, 3),
(118, 8), (119, 2), (119, 6), (120, 3), (120, 6), (121, 3), (122, 8), (123, 6), (124, 8),
(125, 8), (126, 4), (127, 1), (127, 6), (128, 8), (129, 1), (130, 1), (131, 8),
(132, 8), (133, 2), (134, 2), (135, 8), (136, 3), (137, 1), (137, 8), (138, 1),
(139, 1), (140, 1), (141, 8), (142, 1), (143, 1), (144, 1), (145, 1), (145, 7),
(146, 2), (146, 7), (147, 5), (148, 4), (149, 4), (150, 2), (150, 5), (151, 4),
(151, 8), (152, 4), (152, 8), (153, 8), (154, 8), (155, 8), (156, 8), (157, 8),
(158, 4), (158, 8), (159, 1), (159, 6), (159, 8), (160, 1), (160, 6), (160, 7), (161, 1),
(161, 6), (161, 8), (162, 1), (162, 6), (163, 3), (164, 4), (164, 8), (165, 5), (165, 8),
(166, 5), (166, 7), (167, 5), (167, 8), (168, 8), (169, 5), (169, 8), (170, 5), (171, 5),
(171, 8), (172, 5), (173, 5), (174, 5), (174, 8), (175, 4), (175, 8), (176, 4), (176, 8),
(177, 4), (177, 8), (178, 5), (178, 8), (179, 4), (179, 8), (180, 4), (180, 8), (181, 4),
(181, 8), (182, 4), (182, 8), (183, 5), (183, 8), (184, 5), (184, 7), (185, 5), (186, 7),
(187, 7), (188, 7), (189, 2), (189, 7), (190, 2), (190, 7), (191, 1), (191, 6), (192, 1),
(192, 5), (192, 8), (193, 1), (193, 4), (193, 6), (193, 8), (194, 4), (194, 6), (194, 8),
(195, 4), (195, 6), (195, 8), (196, 4), (196, 6), (196, 8), (197, 4), (197, 8), (198, 4),
(198, 8), (199, 4), (199, 8), (200, 3), (200, 4), (200, 8), (201, 4), (201, 8), (202, 3),
(202, 4), (202, 8), (203, 4), (203, 8), (204, 1), (204, 5), (204, 8), (205, 1), (205, 6),
(206, 3), (206, 4), (206, 8), (207, 3), (207, 4), (207, 8), (208, 4), (208, 8), (209, 3),
(209, 8), (210, 4), (210, 8), (211, 5), (212, 5), (212, 8), (213, 1), (213, 6), (213, 7),
(214, 1), (214, 6), (215, 1), (215, 4), (215, 6), (216, 1), (216, 6), (216, 8), (217, 1),
(217, 6), (217, 7), (218, 1), (218, 6), (218, 8), (219, 1), (219, 6), (220, 3), (220, 4),
(220, 8), (221, 3), (221, 4), (221, 6), (221, 8), (222, 3), (222, 4), (222, 8), (223, 1),
(223, 4), (223, 8), (224, 3), (224, 4), (224, 6), (224, 8), (225, 3), (225, 6), (225, 8),
(226, 1), (226, 4), (226, 6), (226, 8), (227, 1), (227, 3), (227, 6), (227, 8), (228, 1),
(228, 3), (228, 6), (228, 8), (229, 1), (229, 6), (230, 1), (230, 3), (230, 6), (231, 1),
(231, 4), (231, 6), (231, 8), (232, 3), (232, 6), (233, 1), (233, 6), (234, 3), (234, 6),
(234, 8), (235, 3), (235, 6), (235, 8), (236, 3), (236, 6), (237, 4), (237, 6), (237, 8),
(238, 6), (238, 8), (239, 4), (239, 6), (239, 8), (240, 4), (240, 6), (240, 8), (241, 4),
(241, 6), (241, 8), (242, 1), (242, 3), (242, 6), (243, 1), (243, 4), (243, 6), (243, 8),
(244, 1), (244, 2), (244, 7), (245, 2), (245, 4), (246, 2), (246, 7), (247, 2), (247, 7),
(248, 4), (248, 8), (249, 1), (249, 2), (249, 3), (250, 1), (250, 6), (251, 1), (251, 2),
(251, 3), (252, 3), (252, 8), (253, 3), (253, 4), (254, 1), (254, 4), (255, 1), (255, 3),
(255, 8), (256, 3), (256, 4), (256, 8), (257, 4), (257, 8), (258, 4), (258, 8), (259, 4),
(259, 8), (260, 4), (260, 8), (261, 4), (261, 5), (261, 8), (262, 1), (262, 3), (262, 4),
(262, 5), (262, 8), (263, 1), (263, 4), (263, 6), (263, 8), (264, 2), (264, 4), (264, 5),
(264, 8), (265, 2), (265, 4), (265, 5), (265, 8), (266, 1), (266, 4), (266, 6), (266, 8),
(267, 1), (267, 4), (267, 6), (267, 8), (268, 1), (268, 4), (268, 6), (268, 8), (269, 1),
(269, 2), (269, 4), (269, 6), (269, 8), (270, 1), (270, 2), (270, 4), (270, 6), (270, 8),
(271, 2), (271, 4), (271, 5), (271, 8), (272, 2), (272, 4), (272, 6), (272, 8), (273, 2),
(273, 4), (273, 8), (274, 4), (274, 6), (274, 8), (275, 1), (275, 4), (275, 6), (275, 8),
(276, 4), (276, 6), (276, 8), (277, 1), (277, 4), (277, 6), (277, 8), (278, 4), (278, 8),
(279, 1), (279, 4), (279, 6), (279, 8), (280, 4), (280, 5), (280, 8), (281, 1), (281, 4),
(281, 5), (281, 8), (282, 1), (282, 4), (282, 5), (282, 8), (283, 1), (283, 4), (283, 6),
(283, 8), (284, 2), (284, 4), (284, 8), (285, 4), (285, 6), (285, 8), (286, 1), (286, 4),
(286, 6), (286, 8), (287, 4), (287, 5), (287, 8), (288, 1), (288, 4), (288, 8), (289, 1),
(289, 4), (289, 8), (290, 1), (290, 4), (290, 5), (290, 8), (291, 1), (291, 4), (291, 6),
(292, 1), (292, 4), (292, 6), (292, 8), (293, 3), (293, 4), (293, 6), (294, 3), (294, 4),
(294, 6), (294, 8), (295, 1), (295, 4), (295, 6), (295, 8), (296, 1), (296, 4), (296, 6),
(297, 4), (297, 6), (297, 8), (298, 1), (298, 4), (298, 6), (299, 6), (299, 7), (300, 4),
(300, 6), (300, 8), (301, 1), (301, 4), (301, 6), (301, 8);

-- =================================================================
-- MenuWeather 테이블 데이터 입력
-- =================================================================
INSERT INTO MenuWeather (MenuID, WeatherID) VALUES
(1, 2), (1, 3), (1, 4), (1, 5), (2, 2), (2, 3), (2, 4), (2, 5), (3, 2), (3, 3),
(3, 4), (3, 5), (4, 2), (4, 3), (4, 4), (4, 5), (5, 1), (6, 1), (6, 2), (7, 2),
(7, 3), (7, 4), (7, 5), (8, 1), (9, 2), (9, 3), (9, 4), (9, 5), (10, 2), (10, 3),
(10, 4), (10, 5), (11, 1), (12, 1), (13, 1), (14, 1), (15, 1), (16, 1), (16, 2),
(17, 2), (17, 3), (17, 4), (17, 5), (18, 2), (18, 3), (18, 4), (18, 5), (19, 2),
(19, 3), (19, 4), (19, 5), (20, 2), (20, 3), (20, 4), (20, 5), (21, 2), (21, 3),
(21, 4), (21, 5), (22, 2), (22, 3), (22, 4), (22, 5), (23, 2), (23, 3), (23, 4),
(23, 5), (24, 2), (24, 3), (24, 4), (24, 5), (25, 2), (25, 3), (25, 4), (25, 5),
(26, 2), (26, 3), (26, 4), (26, 5), (27, 2), (27, 3), (27, 4), (27, 5), (28, 2),
(28, 3), (28, 4), (28, 5), (29, 2), (29, 3), (29, 4), (29, 5), (30, 2), (30, 3),
(30, 4), (30, 5), (31, 2), (31, 3), (31, 4), (31, 5), (32, 2), (32, 3), (32, 4),
(32, 5), (33, 2), (33, 3), (33, 4), (33, 5), (34, 2), (34, 3), (34, 4), (34, 5),
(35, 2), (35, 3), (35, 4), (35, 5), (36, 2), (36, 3), (36, 4), (36, 5), (37, 2),
(37, 3), (37, 4), (37, 5), (38, 2), (38, 3), (38, 4), (38, 5), (39, 2), (39, 3),
(39, 4), (39, 5), (40, 2), (40, 3), (40, 4), (40, 5), (41, 2), (41, 3), (41, 4),
(41, 5), (42, 2), (42, 3), (42, 4), (42, 5), (43, 2), (43, 3), (43, 4), (43, 5),
(44, 2), (44, 3), (44, 4), (44, 5), (45, 2), (45, 3), (45, 4), (45, 5), (46, 2),
(46, 3), (46, 4), (46, 5), (47, 2), (47, 3), (47, 4), (47, 5), (48, 2), (48, 3),
(48, 4), (48, 5), (49, 2), (49, 3), (49, 4), (49, 5), (50, 2), (50, 3), (50, 4),
(50, 5), (51, 2), (51, 3), (51, 4), (51, 5), (52, 2), (52, 3), (52, 4), (52, 5),
(53, 2), (53, 3), (53, 4), (53, 5), (54, 2), (54, 3), (54, 4), (54, 5), (55, 2),
(55, 3), (55, 4), (55, 5), (56, 2), (56, 3), (56, 4), (56, 5), (57, 2), (57, 3),
(57, 4), (57, 5), (58, 2), (58, 3), (58, 4), (58, 5), (59, 2), (59, 3), (59, 4),
(59, 5), (60, 2), (60, 3), (60, 4), (60, 5), (61, 2), (61, 3), (61, 4), (61, 5),
(62, 2), (62, 3), (62, 4), (62, 5), (63, 2), (63, 3), (63, 4), (63, 5), (64, 2),
(64, 3), (64, 4), (64, 5), (65, 2), (65, 3), (65, 4), (65, 5), (66, 2), (66, 3),
(66, 4), (66, 5), (67, 2), (67, 3), (67, 4), (67, 5), (68, 2), (68, 3), (68, 4),
(68, 5), (69, 2), (69, 3), (69, 4), (69, 5), (70, 2), (70, 3), (70, 4), (70, 5),
(71, 2), (71, 3), (71, 4), (71, 5), (72, 2), (72, 3), (72, 4), (72, 5), (73, 1),
(73, 2), (73, 4), (74, 2), (74, 3), (74, 4), (74, 5), (75, 2), (75, 3), (75, 4),
(75, 5), (76, 2), (76, 3), (76, 4), (76, 5), (77, 2), (77, 3), (77, 4), (77, 5),
(78, 2), (78, 3), (78, 4), (78, 5), (79, 2), (79, 3), (79, 4), (79, 5), (80, 2),
(80, 3), (80, 4), (80, 5), (81, 2), (81, 3), (81, 4), (81, 5), (82, 2), (82, 3),
(82, 4), (82, 5), (83, 2), (83, 3), (83, 4), (83, 5), (84, 2), (84, 3), (84, 4),
(84, 5), (85, 2), (85, 3), (85, 4), (85, 5), (86, 2), (86, 3), (86, 4), (86, 5),
(87, 2), (87, 3), (87, 4), (87, 5), (88, 2), (88, 3), (88, 4), (88, 5), (89, 2),
(89, 3), (89, 4), (89, 5), (90, 2), (90, 3), (90, 4), (90, 5), (91, 2), (91, 3),
(91, 4), (91, 5), (92, 2), (92, 3), (92, 4), (92, 5), (93, 2), (93, 3), (93, 4),
(93, 5), (94, 2), (94, 3), (94, 4), (94, 5), (95, 2), (95, 3), (95, 4), (95, 5),
(96, 2), (96, 3), (96, 4), (96, 5), (97, 2), (97, 3), (97, 4), (97, 5), (98, 2),
(98, 3), (98, 4), (98, 5), (99, 2), (99, 3), (99, 4), (99, 5), (100, 2), (100, 3),
(100, 4), (100, 5), (101, 2), (101, 3), (101, 4), (101, 5), (102, 2), (102, 3),
(102, 4), (102, 5), (103, 2), (103, 3), (103, 4), (103, 5), (104, 2), (104, 3),
(104, 4), (104, 5), (105, 2), (105, 3), (105, 4), (105, 5), (106, 2), (106, 3),
(106, 4), (106, 5), (107, 2), (107, 3), (107, 4), (107, 5), (108, 2), (108, 3),
(108, 4), (108, 5), (109, 2), (109, 3), (109, 4), (109, 5), (110, 2), (110, 3),
(110, 4), (110, 5), (111, 2), (111, 3), (111, 4), (111, 5), (112, 2), (112, 3),
(112, 4), (112, 5), (113, 2), (113, 3), (113, 4), (113, 5), (114, 2), (114, 3),
(114, 4), (114, 5), (115, 2), (115, 3), (115, 4), (115, 5), (116, 2), (116, 3),
(116, 4), (116, 5), (117, 2), (117, 3), (117, 4), (117, 5), (118, 2), (118, 3),
(118, 4), (118, 5), (119, 1), (119, 2), (119, 4), (120, 2), (120, 3), (120, 4),
(120, 5), (121, 2), (121, 3), (121, 4), (121, 5), (122, 2), (122, 3), (122, 4),
(122, 5), (123, 2), (123, 3), (123, 4), (123, 5), (124, 2), (124, 3), (124, 4),
(124, 5), (125, 2), (125, 3), (125, 4), (125, 5), (126, 1), (126, 2), (126, 4),
(126, 5), (127, 2), (127, 3), (127, 4), (127, 5), (128, 2), (128, 3), (128, 4),
(128, 5), (129, 2), (129, 3), (129, 4), (129, 5), (130, 2), (130, 3), (130, 4),
(130, 5), (131, 2), (131, 3), (131, 4), (131, 5), (132, 1), (132, 2), (132, 3),
(132, 4), (132, 5), (133, 1), (133, 2), (134, 1), (134, 2), (135, 2), (135, 3),
(135, 4), (135, 5), (136, 2), (136, 3), (136, 4), (136, 5), (137, 2), (137, 3),
(137, 4), (137, 5), (138, 2), (138, 3), (138, 4), (138, 5), (139, 2), (139, 3),
(139, 4), (139, 5), (140, 2), (140, 3), (140, 4), (140, 5), (141, 2), (141, 3),
(141, 4), (141, 5), (142, 2), (142, 3), (142, 4), (142, 5), (143, 2), (143, 3),
(143, 4), (143, 5), (144, 2), (144, 3), (144, 4), (144, 5), (145, 1), (145, 2),
(146, 1), (147, 1), (147, 2), (148, 1), (148, 2), (149, 1), (149, 2), (150, 1),
(150, 2), (151, 2), (151, 3), (151, 4), (151, 5), (152, 2), (152, 3), (152, 4),
(152, 5), (153, 2), (153, 3), (153, 4), (153, 5), (154, 2), (154, 3), (154, 4),
(154, 5), (155, 2), (155, 3), (155, 4), (155, 5), (156, 2), (156, 3), (156, 4),
(156, 5), (157, 2), (157, 3), (157, 4), (157, 5), (158, 2), (158, 3), (158, 4),
(158, 5), (159, 2), (159, 3), (159, 4), (159, 5), (160, 2), (160, 3), (160, 4),
(160, 5), (161, 2), (161, 3), (161, 4), (161, 5), (162, 2), (162, 3), (162, 4),
(162, 5), (163, 2), (163, 3), (163, 4), (163, 5), (164, 2), (164, 3), (164, 4),
(164, 5), (165, 2), (165, 3), (165, 4), (165, 5), (166, 1), (166, 2), (166, 4),
(166, 5), (167, 2), (167, 3), (167, 4), (167, 5), (168, 2), (168, 3), (168, 4),
(168, 5), (169, 2), (169, 3), (169, 4), (169, 5), (170, 1), (170, 2), (170, 3),
(170, 4), (170, 5), (171, 2), (171, 3), (171, 4), (171, 5), (172, 1), (172, 2),
(172, 3), (172, 4), (172, 5), (173, 1), (173, 2), (173, 3), (173, 4), (173, 5),
(174, 2), (174, 3), (174, 4), (174, 5), (175, 2), (175, 3), (175, 4), (175, 5),
(176, 2), (176, 3), (176, 4), (176, 5), (177, 2), (177, 3), (177, 4), (177, 5),
(178, 2), (178, 3), (178, 4), (178, 5), (179, 2), (179, 3), (179, 4), (179, 5),
(180, 2), (180, 3), (180, 4), (180, 5), (181, 2), (181, 3), (181, 4), (181, 5),
(182, 2), (182, 3), (182, 4), (182, 5), (183, 2), (183, 3), (183, 4), (183, 5),
(184, 1), (184, 2), (184, 3), (184, 4), (184, 5), (185, 1), (185, 2), (185, 3),
(185, 4), (185, 5), (186, 1), (187, 1), (188, 1), (189, 1), (190, 1), (191, 1),
(191, 2), (192, 1), (192, 2), (192, 4), (192, 5), (193, 1), (193, 2), (193, 4),
(193, 5), (194, 1), (194, 2), (194, 3), (194, 4), (194, 5), (195, 1), (195, 2),
(195, 3), (195, 4), (195, 5), (196, 1), (196, 2), (196, 3), (196, 4), (196, 5),
(197, 1), (197, 2), (197, 3), (197, 4), (197, 5), (198, 1), (198, 2), (198, 3),
(198, 4), (198, 5), (199, 2), (199, 3), (199, 4), (199, 5), (200, 2), (200, 3),
(200, 4), (200, 5), (201, 2), (201, 3), (201, 4), (201, 5), (202, 2), (202, 3),
(202, 4), (202, 5), (203, 2), (203, 3), (203, 4), (203, 5), (204, 2), (204, 3),
(204, 4), (204, 5), (205, 1), (205, 2), (205, 4), (205, 5), (206, 1), (206, 2),
(206, 3), (206, 4), (206, 5), (207, 1), (207, 2), (207, 4), (208, 1), (208, 2),
(208, 3), (208, 4), (208, 5), (209, 1), (209, 2), (209, 3), (209, 4), (209, 5),
(210, 1), (210, 2), (210, 3), (210, 4), (210, 5), (211, 1), (211, 2), (211, 4),
(211, 5), (212, 2), (212, 3), (212, 4), (212, 5), (213, 1), (213, 2), (214, 1),
(214, 2), (215, 1), (215, 2), (216, 1), (216, 2), (217, 1), (217, 2), (218, 1),
(218, 2), (219, 1), (219, 2), (220, 2), (220, 3), (220, 4), (220, 5), (221, 2),
(221, 3), (221, 4), (221, 5), (222, 2), (222, 3), (222, 4), (222, 5), (223, 2),
(223, 3), (223, 4), (223, 5), (224, 2), (224, 3), (224, 4), (224, 5), (225, 2),
(225, 3), (225, 4), (225, 5), (226, 2), (226, 3), (226, 4), (226, 5), (227, 2),
(227, 3), (227, 4), (227, 5), (228, 2), (228, 3), (228, 4), (228, 5), (229, 2),
(229, 3), (229, 4), (229, 5), (230, 2), (230, 3), (230, 4), (230, 5), (231, 2),
(231, 3), (231, 4), (231, 5), (232, 2), (232, 3), (232, 4), (232, 5), (233, 2),
(233, 3), (233, 4), (233, 5), (234, 2), (234, 3), (234, 4), (234, 5), (235, 2),
(235, 3), (235, 4), (235, 5), (236, 2), (236, 3), (236, 4), (236, 5), (237, 1),
(237, 2), (237, 3), (237, 4), (237, 5), (238, 2), (238, 3), (238, 4), (238, 5),
(239, 2), (239, 3), (239, 4), (239, 5), (240, 2), (240, 3), (240, 4), (240, 5),
(241, 2), (241, 3), (241, 4), (241, 5), (242, 2), (242, 3), (242, 4), (242, 5),
(243, 2), (243, 3), (243, 4), (243, 5), (244, 1), (244, 2), (244, 3), (244, 4),
(244, 5), (245, 1), (245, 2), (246, 1), (247, 1), (248, 2), (248, 3), (248, 4),
(248, 5), (249, 2), (249, 3), (249, 4), (249, 5), (250, 2), (250, 3), (250, 4),
(250, 5), (251, 2), (251, 3), (251, 4), (251, 5), (252, 2), (252, 3), (252, 4),
(252, 5), (253, 2), (253, 3), (253, 4), (253, 5), (254, 2), (254, 3), (254, 4),
(254, 5), (255, 2), (255, 3), (255, 4), (255, 5), (256, 2), (256, 3), (256, 4),
(256, 5), (257, 1), (257, 2), (257, 3), (257, 4), (257, 5), (258, 1), (258, 2),
(258, 3), (258, 4), (258, 5), (259, 1), (259, 2), (259, 3), (259, 4), (259, 5),
(260, 1), (260, 2), (260, 3), (260, 4), (260, 5), (261, 1), (261, 2), (261, 3),
(261, 4), (261, 5), (262, 1), (262, 2), (262, 3), (262, 4), (262, 5), (263, 1),
(263, 2), (263, 3), (263, 4), (263, 5), (264, 1), (264, 2), (264, 3), (264, 4),
(264, 5), (265, 1), (265, 2), (265, 3), (265, 4), (265, 5), (266, 1), (266, 2),
(266, 3), (266, 4), (266, 5), (267, 2), (267, 3), (267, 4), (267, 5), (268, 2),
(268, 3), (268, 4), (268, 5), (269, 1), (270, 1), (271, 1), (272, 1), (273, 1),
(274, 1), (274, 2), (274, 3), (274, 4), (274, 5), (275, 1), (275, 2), (275, 3),
(275, 4), (275, 5), (276, 1), (276, 2), (276, 3), (276, 4), (276, 5), (277, 1),
(277, 2), (277, 3), (277, 4), (277, 5), (278, 1), (278, 2), (278, 3), (278, 4),
(278, 5), (279, 1), (279, 2), (279, 3), (279, 4), (279, 5), (280, 1), (280, 2),
(280, 3), (280, 4), (280, 5), (281, 1), (281, 2), (281, 3), (281, 4), (281, 5),
(282, 1), (282, 2), (282, 3), (282, 4), (282, 5), (283, 1), (283, 2), (283, 3),
(283, 4), (283, 5), (284, 1), (285, 1), (285, 2), (285, 3), (285, 4), (285, 5),
(286, 1), (286, 2), (286, 3), (286, 4), (286, 5), (287, 1), (287, 2), (287, 3),
(287, 4), (287, 5), (288, 1), (288, 2), (288, 3), (288, 4), (288, 5), (289, 1),
(289, 2), (289, 3), (289, 4), (289, 5), (290, 1), (290, 2), (290, 3), (290, 4),
(290, 5), (291, 2), (291, 3), (291, 4), (291, 5), (292, 2), (292, 3), (292, 4),
(292, 5), (293, 1), (293, 2), (293, 3), (293, 4), (293, 5), (294, 1), (294, 2),
(294, 3), (294, 4), (294, 5), (295, 2), (295, 3), (295, 4), (295, 5), (296, 2),
(296, 3), (296, 4), (296, 5), (297, 1), (297, 2), (297, 3), (297, 4), (297, 5),
(298, 2), (298, 3), (298, 4), (298, 5), (299, 1), (299, 2), (299, 3), (299, 4),
(299, 5), (300, 1), (300, 2), (300, 3), (300, 4), (300, 5), (301, 1), (301, 2),
(301, 3), (301, 4), (301, 5);

-- =================================================================
-- MenuSeason 테이블 데이터 입력
-- =================================================================
INSERT INTO MenuSeason (MenuID, SeasonID) VALUES
(1, 2), (1, 4), (2, 1), (2, 2), (2, 3), (2, 4), (3, 3), (3, 4), (4, 4), (5, 1),
(5, 2), (6, 1), (6, 3), (7, 3), (7, 4), (8, 2), (9, 1), (9, 3), (9, 4), (10, 3),
(10, 4), (11, 2), (12, 2), (13, 2), (14, 2), (15, 2), (16, 2), (17, 3), (17, 4),
(18, 1), (18, 2), (18, 3), (18, 4), (19, 3), (19, 4), (20, 3), (20, 4), (21, 3),
(21, 4), (22, 3), (22, 4), (23, 3), (23, 4), (24, 3), (25, 1), (25, 3), (26, 3),
(26, 4), (27, 3), (27, 4), (28, 3), (28, 4), (29, 3), (29, 4), (30, 2), (31, 3),
(31, 4), (32, 3), (32, 4), (33, 4), (34, 1), (34, 2), (34, 3), (34, 4), (35, 1),
(35, 2), (35, 3), (35, 4), (36, 3), (36, 4), (37, 3), (37, 4), (38, 3), (38, 4),
(39, 3), (39, 4), (40, 3), (40, 4), (41, 3), (41, 4), (42, 3), (42, 4), (43, 3),
(43, 4), (44, 3), (44, 4), (45, 1), (45, 2), (45, 3), (45, 4), (46, 1), (46, 2),
(46, 3), (46, 4), (47, 1), (47, 2), (47, 3), (47, 4), (48, 3), (48, 4), (49, 1),
(49, 2), (49, 3), (49, 4), (50, 1), (50, 2), (50, 3), (50, 4), (51, 1), (51, 2),
(51, 3), (51, 4), (52, 2), (52, 3), (52, 4), (53, 3), (53, 4), (54, 2), (54, 3),
(55, 1), (55, 4), (56, 1), (56, 3), (56, 4), (57, 2), (57, 3), (57, 4), (58, 1),
(58, 2), (58, 3), (59, 1), (60, 1), (60, 2), (60, 3), (60, 4), (61, 3), (61, 4),
(62, 3), (62, 4), (63, 3), (63, 4), (64, 2), (64, 3), (65, 1), (65, 2), (65, 3),
(65, 4), (66, 3), (66, 4), (67, 3), (67, 4), (68, 1), (68, 2), (68, 3), (68, 4),
(69, 3), (69, 4), (70, 3), (70, 4), (71, 3), (71, 4), (72, 3), (72, 4), (73, 1),
(73, 2), (74, 1), (74, 2), (74, 3), (74, 4), (75, 3), (75, 4), (76, 3), (76, 4),
(77, 3), (77, 4), (78, 1), (78, 2), (78, 3), (78, 4), (79, 1), (79, 2), (79, 3),
(79, 4), (80, 1), (80, 2), (80, 3), (80, 4), (81, 1), (81, 2), (81, 3), (81, 4),
(82, 1), (82, 2), (82, 3), (82, 4), (83, 1), (83, 2), (83, 3), (83, 4), (84, 1),
(84, 2), (84, 3), (84, 4), (85, 1), (85, 3), (85, 4), (86, 1), (86, 3), (86, 4),
(87, 1), (87, 3), (87, 4), (88, 1), (88, 3), (88, 4), (89, 1), (89, 3), (89, 4),
(90, 1), (90, 3), (90, 4), (91, 1), (91, 3), (91, 4), (92, 1), (92, 3), (92, 4),
(93, 1), (93, 3), (93, 4), (94, 3), (94, 4), (95, 1), (95, 2), (95, 3), (95, 4),
(96, 1), (96, 2), (96, 3), (96, 4), (97, 1), (97, 2), (97, 3), (97, 4), (98, 1),
(98, 3), (98, 4), (99, 1), (99, 3), (99, 4), (100, 1), (100, 2), (100, 3), (100, 4),
(101, 1), (101, 3), (101, 4), (102, 1), (102, 2), (102, 3), (102, 4), (103, 3),
(103, 4), (104, 3), (104, 4), (105, 3), (105, 4), (106, 1), (106, 2), (106, 3),
(106, 4), (107, 1), (107, 2), (107, 3), (107, 4), (108, 1), (108, 2), (108, 3),
(108, 4), (109, 3), (109, 4), (110, 3), (110, 4), (111, 1), (111, 2), (111, 3),
(112, 2), (112, 3), (112, 4), (113, 1), (113, 2), (113, 3), (113, 4), (114, 1),
(114, 2), (114, 3), (114, 4), (115, 3), (115, 4), (116, 1), (116, 2), (116, 3),
(116, 4), (117, 1), (117, 2), (117, 3), (117, 4), (118, 2), (119, 1), (119, 2),
(119, 3), (120, 1), (120, 3), (120, 4), (121, 1), (121, 3), (121, 4), (122, 1),
(122, 3), (122, 4), (123, 1), (123, 3), (123, 4), (124, 3), (124, 4), (125, 3),
(125, 4), (126, 1), (126, 2), (126, 3), (126, 4), (127, 1), (127, 2), (127, 3),
(127, 4), (128, 1), (128, 3), (128, 4), (129, 1), (129, 2), (129, 3), (129, 4),
(130, 1), (130, 2), (130, 3), (130, 4), (131, 1), (131, 3), (131, 4), (132, 2),
(133, 1), (133, 2), (133, 3), (134, 1), (134, 2), (134, 3), (135, 1), (135, 3),
(135, 4), (136, 1), (136, 3), (136, 4), (137, 3), (137, 4), (138, 1), (138, 3),
(138, 4), (139, 1), (139, 3), (139, 4), (140, 1), (140, 3), (140, 4), (141, 1),
(141, 3), (141, 4), (142, 1), (142, 3), (142, 4), (143, 1), (143, 3), (143, 4),
(144, 1), (144, 3), (144, 4), (145, 1), (145, 2), (145, 3), (145, 4), (146, 1),
(146, 2), (147, 1), (147, 2), (147, 3), (147, 4), (148, 1), (148, 2), (148, 3),
(148, 4), (149, 1), (149, 2), (149, 3), (149, 4), (150, 1), (150, 2), (150, 3),
(150, 4), (151, 1), (151, 3), (151, 4), (152, 1), (152, 2), (152, 3), (152, 4),
(153, 1), (153, 3), (153, 4), (154, 1), (154, 3), (154, 4), (155, 1), (155, 3),
(155, 4), (156, 1), (156, 3), (156, 4), (157, 1), (157, 2), (157, 3), (157, 4),
(158, 1), (158, 2), (158, 3), (158, 4), (159, 3), (159, 4), (160, 3), (160, 4),
(161, 3), (161, 4), (162, 3), (162, 4), (163, 1), (163, 2), (163, 3), (163, 4),
(164, 1), (164, 3), (164, 4), (165, 1), (165, 2), (165, 3), (165, 4), (166, 1),
(166, 2), (166, 3), (166, 4), (167, 1), (167, 2), (167, 3), (167, 4), (168, 1),
(168, 2), (168, 3), (168, 4), (169, 1), (169, 3), (169, 4), (170, 1), (170, 2),
(170, 3), (170, 4), (171, 1), (171, 3), (171, 4), (172, 1), (172, 2), (172, 3),
(173, 1), (173, 2), (173, 3), (173, 4), (174, 3), (174, 4), (175, 3), (175, 4),
(176, 1), (176, 2), (176, 3), (176, 4), (177, 1), (177, 2), (177, 3), (177, 4),
(178, 1), (178, 2), (178, 3), (178, 4), (179, 1), (179, 2), (179, 3), (179, 4),
(180, 1), (180, 2), (180, 3), (180, 4), (181, 1), (181, 2), (181, 3), (181, 4),
(182, 1), (182, 2), (182, 3), (182, 4), (183, 1), (183, 3), (183, 4), (184, 1),
(184, 2), (184, 3), (184, 4), (185, 1), (185, 2), (185, 3), (185, 4), (186, 1),
(186, 2), (187, 1), (187, 2), (188, 1), (188, 2), (189, 1), (189, 2), (190, 1),
(190, 2), (191, 1), (191, 2), (191, 3), (191, 4), (192, 1), (192, 2), (192, 3),
(192, 4), (193, 1), (193, 2), (193, 3), (193, 4), (194, 1), (194, 2), (194, 3),
(194, 4), (195, 1), (195, 2), (195, 3), (195, 4), (196, 1), (196, 2), (196, 3),
(196, 4), (197, 1), (197, 2), (197, 3), (197, 4), (198, 1), (198, 2), (198, 3),
(198, 4), (199, 1), (199, 2), (199, 3), (199, 4), (200, 1), (200, 2), (200, 3),
(200, 4), (201, 1), (201, 2), (201, 3), (201, 4), (202, 1), (202, 2), (202, 3),
(202, 4), (203, 1), (203, 2), (203, 3), (203, 4), (204, 3), (204, 4), (205, 1),
(205, 2), (205, 3), (205, 4), (206, 1), (206, 2), (206, 3), (206, 4), (207, 1),
(207, 2), (208, 1), (208, 2), (208, 3), (208, 4), (209, 1), (209, 2), (209, 3),
(209, 4), (210, 1), (210, 2), (210, 3), (210, 4), (211, 1), (211, 2), (212, 3),
(212, 4), (213, 1), (213, 2), (213, 3), (213, 4), (214, 1), (214, 2), (214, 3),
(214, 4), (215, 1), (215, 2), (215, 3), (215, 4), (216, 1), (216, 2), (216, 3),
(216, 4), (217, 1), (217, 2), (217, 3), (217, 4), (218, 1), (218, 2), (218, 3),
(218, 4), (219, 1), (219, 2), (219, 3), (219, 4), (220, 1), (220, 3), (220, 4),
(221, 1), (221, 3), (221, 4), (222, 1), (222, 3), (222, 4), (223, 1), (223, 3),
(223, 4), (224, 1), (224, 3), (224, 4), (225, 1), (225, 3), (225, 4), (226, 1),
(226, 3), (226, 4), (227, 1), (227, 3), (227, 4), (228, 1), (228, 3), (228, 4),
(229, 1), (229, 3), (229, 4), (230, 1), (230, 3), (230, 4), (231, 1), (231, 3),
(231, 4), (232, 1), (232, 3), (232, 4), (233, 1), (233, 2), (233, 3), (233, 4),
(234, 1), (234, 3), (234, 4), (235, 1), (235, 3), (235, 4), (236, 1), (236, 3),
(236, 4), (237, 1), (237, 2), (237, 3), (237, 4), (238, 1), (238, 2), (238, 3),
(238, 4), (239, 1), (239, 2), (239, 3), (239, 4), (240, 1), (240, 2), (240, 3),
(240, 4), (241, 1), (241, 3), (241, 4), (242, 1), (242, 2), (242, 3), (242, 4),
(243, 1), (243, 2), (243, 3), (243, 4), (244, 1), (244, 2), (244, 3), (244, 4),
(245, 1), (245, 2), (246, 1), (246, 2), (247, 1), (247, 2), (248, 1), (248, 3),
(248, 4), (249, 1), (249, 2), (249, 3), (249, 4), (250, 1), (250, 2), (250, 3),
(250, 4), (251, 1), (251, 3), (251, 4), (252, 1), (252, 3), (252, 4), (253, 1),
(253, 2), (253, 3), (253, 4), (254, 1), (254, 3), (254, 4), (255, 1), (255, 3),
(255, 4), (256, 1), (256, 2), (256, 3), (256, 4), (257, 1), (257, 2), (257, 3),
(257, 4), (258, 1), (258, 2), (258, 3), (258, 4), (259, 1), (259, 2), (259, 3),
(259, 4), (260, 1), (260, 2), (260, 3), (260, 4), (261, 1), (261, 2), (261, 3),
(261, 4), (262, 1), (262, 2), (262, 3), (262, 4), (263, 1), (263, 2), (263, 3),
(263, 4), (264, 1), (264, 2), (265, 1), (265, 2), (266, 1), (266, 2), (266, 3),
(266, 4), (267, 3), (267, 4), (268, 3), (268, 4), (269, 2), (270, 2), (271, 2),
(272, 2), (273, 2), (274, 1), (274, 2), (274, 3), (274, 4), (275, 1), (275, 2),
(275, 3), (275, 4), (276, 1), (276, 2), (276, 3), (276, 4), (277, 1), (277, 2),
(277, 3), (277, 4), (278, 1), (278, 2), (278, 3), (278, 4), (279, 1), (279, 2),
(279, 3), (279, 4), (280, 1), (280, 2), (280, 3), (280, 4), (281, 1), (281, 2),
(281, 3), (281, 4), (282, 1), (282, 2), (282, 3), (282, 4), (283, 1), (283, 2),
(283, 3), (283, 4), (284, 1), (284, 2), (285, 1), (285, 2), (285, 3), (285, 4),
(286, 1), (286, 2), (286, 3), (286, 4), (287, 1), (287, 2), (287, 3), (287, 4),
(288, 1), (288, 2), (288, 3), (288, 4), (289, 1), (289, 2), (289, 3), (289, 4),
(290, 1), (290, 2), (290, 3), (290, 4), (291, 3), (291, 4), (292, 3), (292, 4),
(293, 1), (293, 2), (293, 3), (293, 4), (294, 1), (294, 2), (294, 3), (294, 4),
(295, 3), (295, 4), (296, 3), (296, 4), (297, 1), (297, 2), (297, 3), (297, 4),
(298, 3), (298, 4), (299, 1), (299, 2), (299, 3), (299, 4), (300, 1), (300, 2),
(300, 3), (300, 4), (301, 1), (301, 2), (301, 3), (301, 4);

INSERT INTO timecode (TimeID, TimeKor) VALUES
(1, '아침'),
(2, '점심'),
(3, '저녁'),
(4, '야식'),
(5, '간식(티타임)');

INSERT INTO menutime (MenuID, TimeID) VALUES 
(1,1), (2,1), (3,1), (4,1), (4,2), (5,2), (5,3), (6,2), (6,3), (7,2),
(7,3), (8,2), (8,3), (9,2), (9,3), (10,2), (10,3), (11,2), (11,3), (12,2),
(12,3), (12,4), (13,2), (13,3), (13,4), (14,2), (14,3), (14,4), (15,2), (15,3),
(15,4), (16,2), (16,3), (16,4), (17,2), (17,3), (17,4), (18,2), (18,3), (19,2),
(19,3), (19,4), (20,2), (20,3), (20,4), (21,2), (21,3), (22,2), (22,3), (23,2),
(23,3), (24,2), (24,3), (25,2), (25,3), (26,2), (26,3), (26,4), (27,2), (27,3),
(28,2), (28,3), (29,2), (29,3), (30,2), (30,3), (31,2), (31,3), (31,4), (32,2),
(32,3), (32,4), (33,1), (33,2), (33,3), (34,1), (34,2), (35,1), (35,2), (35,3),
(36,2), (36,3), (36,4), (37,2), (37,3), (37,4), (38,2), (38,3), (39,2), (39,3),
(39,4), (40,2), (40,3), (40,4), (41,2), (41,3), (41,4), (42,2), (42,3), (42,4),
(43,2), (43,3), (44,2), (44,3), (45,2), (45,3), (45,4), (46,2), (46,3), (46,4),
(47,2), (47,3), (48,2), (48,3), (48,4), (49,2), (49,3), (50,2), (50,3), (51,2),
(51,3), (51,4), (52,2), (52,3), (52,4), (53,2), (53,3), (54,2), (54,3), (55,2),
(55,3), (56,2), (56,3), (56,4), (57,2), (57,3), (57,4), (58,2), (58,3), (58,4),
(59,2), (59,3), (59,4), (60,2), (60,3), (60,4), (61,2), (61,3), (61,4), (62,2),
(62,3), (63,2), (63,3), (64,2), (64,3), (65,1), (65,2), (65,3), (66,2), (66,3),
(66,4), (67,2), (67,3), (67,4), (68,1), (68,2), (68,3), (68,4), (69,2), (69,3),
(69,4), (70,2), (70,3), (70,4), (71,2), (71,3), (71,4), (72,2), (72,3), (72,4),
(73,2), (73,3), (73,4), (74,2), (74,3), (74,4), (75,2), (75,3), (75,4), (76,2),
(76,3), (77,2), (77,3), (77,4), (78,2), (78,3), (78,4), (79,2), (79,3), (79,4),
(80,2), (80,3), (81,2), (81,3), (82,2), (82,3), (83,2), (83,3), (84,2), (84,3),
(85,2), (85,3), (85,4), (86,2), (86,3), (86,4), (87,2), (87,3), (87,4), (88,2),
(88,3), (89,2), (89,3), (89,4), (90,2), (90,3), (91,2), (91,3), (92,2), (92,3),
(93,2), (93,3), (94,2), (94,3), (95,2), (95,3), (96,2), (96,3), (97,2), (97,3),
(98,2), (98,3), (99,2), (99,3), (99,4), (100,2), (100,3), (101,2), (101,3), (102,2),
(102,3), (102,4), (103,2), (103,3), (103,4), (104,2), (104,3), (105,2), (105,3), (106,2),
(106,3), (106,4), (107,2), (107,3), (107,4), (108,2), (108,3), (108,4), (109,2), (109,3),
(109,4), (110,2), (110,3), (111,2), (111,3), (112,2), (112,3), (113,2), (113,3), (114,2),
(114,3), (114,4), (115,2), (115,3), (116,2), (116,3), (116,4), (117,2), (117,3), (117,4),
(118,2), (118,3), (118,4), (119,2), (119,3), (120,2), (120,3), (121,2), (121,3), (121,4),
(122,2), (122,3), (123,2), (123,3), (124,2), (124,3), (125,2), (125,3), (126,1), (126,2),
(127,1), (127,2), (128,2), (128,3), (129,2), (129,3), (130,2), (130,3), (131,2), (131,3),
(132,2), (132,3), (133,2), (133,3), (134,2), (134,3), (135,2), (135,3), (136,2), (136,3),
(137,2), (137,3), (137,4), (138,2), (138,3), (138,4), (139,2), (139,3), (139,4), (140,2),
(140,3), (141,2), (141,3), (141,4), (142,2), (142,3), (143,2), (143,3), (144,2), (144,3),
(145,2), (145,3), (146,2), (146,3), (147,2), (147,3), (148,1), (148,2), (149,2), (149,3),
(150,2), (150,3), (150,4), (151,2), (151,3), (151,4), (152,2), (152,3), (152,4), (153,2),
(153,3), (153,4), (154,2), (154,3), (155,2), (155,3), (156,2), (156,3), (157,2), (157,3),
(157,4), (158,2), (158,3), (158,4), (159,2), (159,3), (160,2), (160,3), (161,2), (161,3),
(161,4), (162,2), (162,3), (162,4), (163,2), (163,3), (164,2), (164,3), (164,4), (165,2),
(165,3), (166,2), (166,3), (167,2), (167,3), (168,2), (168,3), (169,2), (169,3), (170,2),
(170,3), (171,2), (171,3), (172,2), (172,3), (173,2), (173,3), (174,2), (174,3), (175,2),
(175,3), (176,2), (176,3), (176,4), (177,2), (177,3), (177,4), (178,2), (178,3), (178,4),
(179,2), (179,3), (179,4), (180,2), (180,3), (180,4), (181,2), (181,3), (181,4), (182,2),
(182,3), (182,4), (183,2), (183,3), (184,2), (184,3), (185,2), (185,3), (186,1), (186,2),
(186,3), (187,1), (187,2), (187,3), (188,1), (188,2), (188,3), (189,1), (189,2), (189,3),
(190,1), (190,2), (190,3), (191,1), (191,2), (192,1), (192,2), (193,1), (193,2), (194,2),
(194,3), (194,4), (195,2), (195,3), (195,4), (196,2), (196,3), (196,4), (197,2), (197,3),
(197,4), (198,2), (198,3), (198,4), (199,2), (199,3), (199,4), (200,2), (200,3), (200,4),
(201,2), (201,3), (201,4), (202,2), (202,3), (202,4), (203,2), (203,3), (203,4), (204,2),
(204,3), (205,1), (205,2), (206,2), (206,3), (207,2), (207,3), (208,2), (208,3), (209,2),
(209,3), (210,2), (210,3), (210,4), (211,2), (211,3), (212,2), (212,3), (213,1), (213,2),
(214,1), (214,2), (215,1), (215,2), (216,1), (216,2), (217,1), (217,2), (218,1), (218,2),
(219,1), (219,2), (220,2), (220,3), (220,4), (221,2), (221,3), (221,4), (222,2), (222,3),
(222,4), (223,2), (223,3), (223,4), (224,2), (224,3), (224,4), (225,2), (225,3), (225,4),
(226,2), (226,3), (226,4), (227,2), (227,3), (227,4), (228,2), (228,3), (228,4), (229,2),
(229,3), (230,2), (230,3), (231,2), (231,3), (232,2), (232,3), (233,2), (233,3), (234,2),
(234,3), (235,2), (235,3), (236,2), (236,3), (237,2), (237,3), (238,2), (238,3), (238,4),
(239,2), (239,3), (239,4), (240,2), (240,3), (240,4), (241,2), (241,3), (241,4), (242,2),
(242,3), (242,4), (243,2), (243,3), (243,4), (244,2), (244,3), (244,4), (245,1), (245,2),
(246,2), (246,3), (247,2), (247,3), (248,2), (248,3), (249,2), (249,3), (249,4), (250,2),
(250,3), (250,4), (251,2), (251,3), (251,4), (252,2), (252,3), (252,4), (253,2), (253,3),
(253,4), (254,2), (254,3), (255,2), (255,3), (255,4), (256,2), (256,3), (256,4), (257,5),
(258,5), (259,5), (260,5), (261,5), (262,5), (263,5), (264,5), (265,5), (266,5), (267,1),
(267,5), (268,1), (268,5), (269,5), (270,5), (271,5), (272,5), (273,5), (274,5), (275,5),
(276,5), (277,5), (278,5), (279,5), (280,5), (281,5), (282,5), (283,5), (284,5), (285,5),
(286,5), (287,5), (288,5), (289,5), (290,5), (291,5), (292,5), (293,3), (293,4), (294,2),
(294,3), (294,4), (295,5), (296,5), (297,2), (297,3), (297,4), (298,5), (299,5), (300,5),
(301,1), (301,2);
